strategy,n,hit,roi,p,roi_early,roi_late,bh_threshold,survives_fdr
neural_qbfeat | wk1-6 | ML dogs | edge>=0.10,162,0.5,0.2229964265576618,0.025064816201564335,0.387082113819334,0.017889317480571543,0.0035318924617817604,False
lean_qb | wk7-13 | OU under | edge>=3.0pt,120,0.6333333333333333,0.20909090909090913,0.014564181198460119,0.2409090909090909,0.1454545454545455,0.002688455455983131,False
lean | wk7-13 | OU under | edge>=3.0pt,119,0.6302521008403361,0.20320855614973268,0.0181832680194474,0.2572062084257207,0.08353808353808359,0.0029783869267264104,False
neural_qbfeat | total<=44 | ML dogs | edge>=0.05,208,0.4951923076923077,0.20309150596179582,0.019659079262206922,0.3361077005185261,0.07753416343628407,0.003215603584607275,False
neural_qbfeat | wk1-6 | ML dogs | edge>=0.05,179,0.4972067039106145,0.20196857269893842,0.030632525292806426,0.3796169810673366,-0.012964069524555748,0.0040063257775434895,False
neural_qbfeat | wk1-6 | ML dogs | edge>=0.00,179,0.4972067039106145,0.20196857269893842,0.030632525292806426,0.3796169810673366,-0.012964069524555748,0.004032683183974697,False
neural_qbfeat | total<=44 | ML dogs | edge>=0.00,210,0.49523809523809526,0.20158228688238777,0.019811058451775117,0.3304478131807675,0.07753416343628407,0.003241960991038482,False
neural_qbfeat | total<=44 | ML dogs | edge>=0.10,189,0.48677248677248675,0.19883761963155372,0.03162889567477716,0.3290096195453941,0.07537551662048868,0.004164470216130733,False
linear | total<=44 | ML dogs | edge>=0.10,200,0.49,0.19393284127429744,0.029350870212323663,0.23333479166872767,0.1545308908798673,0.0039008961518186614,False
linear | line<=3 | ML dogs | edge>=0.10,258,0.5193798449612403,0.18223595197235606,0.011086024981256779,0.3306431851955518,0.036111906952594114,0.0021876647337901955,False
lean_qb | wk1-6 | ML dogs | edge>=0.10,103,0.49514563106796117,0.16698253354148945,0.16192946765878558,0.6058368975478848,-0.18718063741104013,0.0128624143384291,False
linear | total<=44 | ML dogs | edge>=0.00,214,0.48130841121495327,0.1649819469315194,0.05298062812967867,0.2259538977970739,0.10733573884044971,0.006035846072746442,False
linear_qb | total<=44 | ML dogs | edge>=0.10,182,0.4835164835164835,0.16473324148977328,0.07224323011487237,0.25327559878008976,0.08364708270811506,0.007670005271481287,False
linear | total<=44 | ML dogs | edge>=0.05,213,0.4788732394366197,0.16129234756577654,0.05941572861260917,0.21891591028214497,0.10733573884044971,0.006562994201370586,False
ensemble | line>7 | OU under | edge>=3.0pt,79,0.6075949367088608,0.15995397008055245,0.13370092959250693,0.164869029275809,,0.011254612546125461,False
linear_qb | total<=44 | ML dogs | edge>=0.05,207,0.48792270531400966,0.1574444843527826,0.06268819324963101,0.2647685490395282,0.06095128857937829,0.006826568265682658,False
ensemble | wk1-6 | ML dogs | edge>=0.10,121,0.4793388429752066,0.1545479036744579,0.170430313779195,0.40206943779148374,-0.08891590037507585,0.013468634686346865,False
linear | wk1-6 | ML dogs | edge>=0.10,165,0.47878787878787876,0.15284557613332175,0.11258895453682691,0.290682395327786,-0.020866579563811292,0.00996309963099631,False
neural_qbfeat | line 3-7 | ML dogs | edge>=0.10,119,0.4117647058823529,0.15199769618755635,0.23727423635480258,0.2708893099224294,-0.13334217677613908,0.016341591987348445,False
neural_qbfeat | line 3-7 | ML dogs | edge>=0.05,119,0.4117647058823529,0.15199769618755635,0.23727423635480258,0.2708893099224294,-0.13334217677613908,0.01639430680021086,False
neural_qbfeat | line 3-7 | ML dogs | edge>=0.00,119,0.4117647058823529,0.15199769618755635,0.23727423635480258,0.2708893099224294,-0.13334217677613908,0.01636794939377965,False
linear | wk1-6 | ML dogs | edge>=0.00,182,0.4835164835164835,0.14939777774191093,0.09899102115034404,0.2813565835441151,-0.015143449246022558,0.00922509225092251,False
linear | wk1-6 | ML dogs | edge>=0.05,179,0.48044692737430167,0.1466097544532966,0.10949065861231977,0.2875368517789987,-0.027787528487259704,0.009725882973115446,False
linear_qb | line<=3 | ML dogs | edge>=0.10,264,0.5037878787878788,0.14654195792362792,0.03844608724663749,0.25786917642428003,0.03853793997523411,0.004876120189773327,False
linear_qb | total<=44 | ML dogs | edge>=0.00,209,0.48325358851674644,0.1463684605790717,0.08175664448758492,0.23947317805873758,0.06095128857937829,0.008355297838692674,False
ensemble | wk1-6 | ML dogs | edge>=0.00,140,0.4857142857142857,0.14519899667322672,0.15701422549833707,0.41565201944740815,-0.1330932441523803,0.012546125461254613,False
linear | line<=3 | ML dogs | edge>=0.05,301,0.5049833887043189,0.14205794830287788,0.031009796792401255,0.31335283802719555,-0.019290786534221383,0.004111755403268319,False
ensemble | wk1-6 | ML dogs | edge>=0.05,137,0.48175182481751827,0.1406292206465845,0.17666395909880084,0.397820827175309,-0.12034461538991531,0.013732208750658937,False
neural_qbfeat | total<=44 | ATS home | edge>=3pt,230,0.5956521739130435,0.1371541501976285,0.027726463784456572,0.058823529411764754,0.22113022113022124,0.0037691091196626254,False
linear | line<=3 | ML dogs | edge>=0.00,306,0.5032679738562091,0.13629637889233315,0.036585512717069196,0.29133587309203546,-0.012780057838149764,0.004744333157617291,False
linear_qb | wk14+ | ML dogs | edge>=0.10,100,0.46,0.12895895312731226,0.3053528815915434,0.029235463419781196,0.2558797582096245,0.019267264101212444,False
linear | wk7-13 | ML dogs | edge>=0.10,130,0.46153846153846156,0.12546746138704,0.2512246392505674,0.14543291419659432,0.09824184391946598,0.017079599367422246,False
ensemble | total<=44 | ML dogs | edge>=0.10,167,0.46706586826347307,0.12450706151776288,0.19231363977043306,0.21099982206893741,0.053996658894522785,0.014391143911439114,False
linear | line<=3 | ATS dogs | edge>=3pt,248,0.5887096774193549,0.12390029325513202,0.039222832362256224,0.25133689839572204,0.00634249471458778,0.004928835002635741,False
neural_qbfeat | total>=48 | ML dogs | edge>=0.10,99,0.46464646464646464,0.11966499322146992,0.33305504042551415,0.15750020738523723,0.01877108878475717,0.020374275171323144,False
linear_qb | wk14+ | ML dogs | edge>=0.05,112,0.4642857142857143,0.11848855768917696,0.3102344502446568,0.0479819892293128,0.2028199434941125,0.01945176594623089,False
linear | line<=3 | ATS away | edge>=3pt,164,0.5853658536585366,0.11751662971175171,0.11260036089869346,0.18787878787878792,0.03194103194103198,0.009989457037427518,False
lean | wk1-6 | ML dogs | edge>=0.10,124,0.46774193548387094,0.11718305650360485,0.28559322209056426,0.41943531984146953,-0.13995692872413076,0.01845018450184502,False
neural_qbfeat | total>=48 | ML dogs | edge>=0.00,111,0.46846846846846846,0.1157930942108327,0.31547187772579993,0.16216701667994557,0.001307473115210206,0.01976805482340538,False
neural_qbfeat | all games | ML dogs | edge>=0.00,447,0.4608501118568233,0.11558791215740272,0.04775695272775539,0.2203342516781913,-0.018551532841158132,0.00558777016341592,False
neural_qbfeat | all games | ML dogs | edge>=0.10,401,0.4538653366583541,0.11439252866686107,0.067006045145555,0.20491903928603752,-0.0025159936184754044,0.007248286768581972,False
neural_qbfeat | all games | ML dogs | edge>=0.05,444,0.4594594594594595,0.1138703061736324,0.05220198651014082,0.2185262757175798,-0.018551532841158132,0.005904059040590406,False
linear_qb | total<=44 | ATS dogs | edge>=3pt,299,0.5819397993311036,0.11097598054119798,0.042789013405533635,0.13352272727272732,0.08502289077828651,0.005192409066947813,False
linear_qb | wk14+ | ML dogs | edge>=0.00,113,0.46017699115044247,0.1085904288600692,0.3496733877484421,0.031079053919162596,0.2028199434941125,0.021375856615709014,False
neural_qbfeat | total>=48 | ML dogs | edge>=0.05,110,0.4636363636363636,0.10757181517621918,0.3540544829330809,0.151167442688428,0.001307473115210206,0.021481286241433844,False
linear_qb | line<=3 | ML dogs | edge>=0.00,325,0.49230769230769234,0.10694129299214694,0.08914460468949668,0.22353131351307257,-0.013292165670057638,0.008697944122298367,False
neural_qbfeat | total>=48 | ATS away | edge>=3pt,126,0.5793650793650794,0.10606060606060612,0.21066038842940668,0.11542390194075593,0.08353808353808359,0.015102793885081709,False
linear_qb | line<=3 | ML dogs | edge>=0.05,318,0.49056603773584906,0.10603641934687826,0.0962701983680476,0.2317895434539971,-0.019716704760240563,0.00911966262519768,False
lean | line>7 | ATS home | edge>=3pt,76,0.5789473684210527,0.10526315789473689,0.33657877521602503,0.056092843326885924,0.18495297805642638,0.020532419609910386,False
neural_qbfeat | line>7 | OU under | edge>=3.0pt,114,0.5789473684210527,0.10526315789473688,0.2376627382044226,0.13636363636363644,0.018181818181818226,0.016447021613073275,False
lean_qb | wk1-6 | ML dogs | edge>=0.00,128,0.4765625,0.10516906998785394,0.31522154207842734,0.504505179767377,-0.23629224127289772,0.019715340010542964,False
linear_qb | wk1-6 | ML dogs | edge>=0.00,190,0.46842105263157896,0.10077385471837104,0.2452636686694298,0.2027029756931459,-0.030628747020194157,0.01686874011597259,False
linear_qb | wk1-6 | ML dogs | edge>=0.05,190,0.46842105263157896,0.10077385471837104,0.2452636686694298,0.2027029756931459,-0.030628747020194157,0.016842382709541383,False
linear | total<=44 | ATS dogs | edge>=3pt,340,0.5764705882352941,0.10053475935828883,0.05054856665826128,0.06993006993006999,0.1357882623705409,0.005798629414865577,False
ensemble | all games | ML dogs | edge>=0.10,293,0.45733788395904434,0.0997379140980574,0.1627551465182531,0.17334875356108487,0.01591827208176333,0.012994201370585136,False
lean_qb | wk1-6 | ML dogs | edge>=0.05,125,0.472,0.09945529978119066,0.34966131748160567,0.5131442342942638,-0.23629224127289772,0.021349499209277808,False
linear | wk7-13 | ML dogs | edge>=0.05,149,0.4563758389261745,0.09825047899923398,0.32834877553984676,0.14699591710207538,0.035256374374023514,0.020295202952029523,False
lean_qb | line>7 | ATS home | edge>=3pt,80,0.575,0.09772727272727276,0.36016832594587955,0.056092843326885924,0.1570247933884298,0.021823932525039537,False
linear | all games | ML dogs | edge>=0.10,410,0.45121951219512196,0.09614109225350848,0.11486961968895947,0.1438994963486923,0.03389418354517901,0.010173958882445967,False
ensemble | wk7-13 | OU under | edge>=3.0pt,150,0.5733333333333334,0.0945454545454546,0.22354394823434157,0.11209179170344227,0.056092843326885924,0.0158144438587243,False
elo | total<=44 | ML dogs | edge>=0.05,210,0.45714285714285713,0.0938677606166345,0.2671047672915026,0.19752392050824602,-0.007832622673248512,0.017712177121771217,False
neural_qbfeat | line<=3 | ML dogs | edge>=0.00,317,0.48264984227129337,0.0936206946532048,0.144235233131982,0.2005158864228395,-0.015317080398652197,0.011781760674749606,False
linear_qb | all games | ML dogs | edge>=0.10,392,0.45408163265306123,0.09338030985443348,0.1302779917444505,0.12866452637325526,0.04871416293176314,0.010964681075382184,False
lean_qb | line>7 | OU under | edge>=1.5pt,117,0.5726495726495726,0.09324009324009327,0.2898403689214128,0.07095343680709537,0.1454545454545455,0.018608328940432264,False
linear | line<=3 | ML any | edge>=0.10,404,0.5371287128712872,0.09310728385118892,0.07389255829968368,0.17528316770729166,-0.008137037142793985,0.007801792303637323,False
neural_qbfeat | line<=3 | ML dogs | edge>=0.05,314,0.48089171974522293,0.09098210003757866,0.15825110767057582,0.1972812804738095,-0.015317080398652197,0.012625197680548234,False
linear | wk7-13 | ML dogs | edge>=0.00,150,0.4533333333333333,0.09092880913923908,0.3636343632808997,0.13350184748910982,0.035256374374023514,0.02208750658935161,False
lean | wk7-13 | ATS away | edge>=3pt,98,0.5714285714285714,0.09090909090909095,0.3456338000663656,0.2613636363636364,-0.13636363636363633,0.02113863995782815,False
linear_qb | line<=3 | ATS dogs | edge>=3pt,247,0.5708502024291497,0.08980493191019512,0.1373345826452846,0.21786833855799378,-0.02359472588480218,0.01146547179757512,False
elo | total<=44 | ML dogs | edge>=0.00,213,0.45539906103286387,0.08831354347089614,0.292101960972113,0.18611893078911987,-0.0067750275329325265,0.018687401159725885,False
neural_qbfeat | line<=3 | ML dogs | edge>=0.10,271,0.47601476014760147,0.08812312718124798,0.20749813875006326,0.17103961137090962,0.005816323022392675,0.014944649446494465,False
ensemble | line<=3 | ML dogs | edge>=0.10,218,0.47706422018348627,0.08782973313557405,0.2587804804484204,0.16512349200932233,0.017316128548996678,0.017316816025303113,False
linear_qb | wk7-13 | ML dogs | edge>=0.10,124,0.45161290322580644,0.0869433350813395,0.42983403244802876,0.13650921196408647,0.020543764162942662,0.024907749077490778,False
neural_qbfeat | total<=44 | ML any | edge>=0.10,439,0.6127562642369021,0.08687886560368815,0.06180909124429021,0.15600799935778373,0.02406152232279262,0.006747496046389036,False
linear_qb | wk1-6 | ATS away | edge>=1pt,383,0.5691906005221932,0.08663660099691436,0.07405873937473086,0.11730205278592382,0.046549835706462254,0.007854507116499737,False
linear_qb | line>7 | OU over | edge>=3.0pt,188,0.5691489361702128,0.08655705996131532,0.2121169883580033,0.056818181818181865,0.1303827751196173,0.015234580917237745,False
elo | line>7 | OU over | edge>=3.0pt,176,0.5681818181818182,0.08471074380165299,0.23760434787774298,0.050000000000000086,0.11363636363636369,0.016420664206642066,False
neural_qbfeat | line>7 | OU any | edge>=3.0pt,266,0.5676691729323309,0.083732057416268,0.15070120161931266,0.06060606060606064,0.11975524475524481,0.012256193990511335,False
lean_qb | line 3-7 | ATS away | edge>=3pt,104,0.5673076923076923,0.08304195804195807,0.37499158259127957,0.16335227272727276,-0.045454545454545414,0.02264101212440696,False
linear_qb | wk1-6 | ATS dogs | edge>=1pt,408,0.5661764705882353,0.0808823529411765,0.08535627380534395,0.15879317189360861,-0.018791264601320426,0.008592514496573538,False
neural_qbfeat | line>7 | ATS home | edge>=3pt,106,0.5660377358490566,0.08061749571183538,0.38461763430356205,0.05734265734265739,0.11751662971175171,0.023089088033737482,False
neural_qbfeat | wk1-6 | ATS dogs | edge>=3pt,290,0.5655172413793104,0.07962382445141071,0.15368380692251374,0.11455596426694697,0.027972027972028024,0.012440695835529786,False
linear | total>=48 | ML dogs | edge>=0.10,93,0.44086021505376344,0.0792123950226682,0.5387302626607304,0.11318209769434079,0.004244775333459694,0.029124934106483924,False
neural_qbfeat | wk1-6 | ML any | edge>=0.10,373,0.5978552278820375,0.07782727153785461,0.1273074998223931,0.12524230601052097,0.002424195883406039,0.010780179230363732,False
linear | all games | ML dogs | edge>=0.05,453,0.4481236203090508,0.07761680939125135,0.17583278967853652,0.14724747919934617,-0.008135247022658528,0.01370585134422773,False
linear_qb | wk1-6 | ML dogs | edge>=0.10,168,0.4523809523809524,0.07695364642928926,0.4088765427909585,0.18313251385635884,-0.05157866677190023,0.024064312071692146,False
elo | wk7-13 | OU under | edge>=3.0pt,195,0.5641025641025641,0.07692307692307697,0.2591264863219096,0.07554417413572347,0.08061749571183538,0.017395888244596733,False
linear | line<=3 | ATS away | edge>=1pt,323,0.5634674922600619,0.07571066704193645,0.15229175174724768,0.12500000000000006,0.022287390029325557,0.012335266209804956,False
lean_qb | wk14+ | ML dogs | edge>=0.05,85,0.4470588235294118,0.07539561414152203,0.5731437723423811,-0.048122314254876716,0.18518932827165427,0.03102266736953084,False
ensemble | line>7 | ATS home | edge>=3pt,87,0.5632183908045977,0.07523510971786838,0.46322568859437385,0.09090909090909095,0.04692082111436954,0.02619926199261993,False
ensemble | total<=44 | ML dogs | edge>=0.00,198,0.45454545454545453,0.07501476191492239,0.3817306993570825,0.17819064126507658,-0.012732948560442364,0.022983658408012655,False
lean_qb | wk14+ | ML dogs | edge>=0.10,73,0.4383561643835616,0.07500931139852327,0.6103233725817212,0.053858912636114434,0.0934481205760079,0.032867685819715345,False
elo | wk1-6 | ML dogs | edge>=0.05,151,0.4503311258278146,0.0745825499551276,0.45301513506109004,0.30684884986366195,-0.14279488457465456,0.0257248286768582,False
linear | all games | ML dogs | edge>=0.00,458,0.44759825327510916,0.07447088243695318,0.190757064207474,0.13686116697508385,-0.0032111385075820234,0.014285714285714285,False
lean_qb | wk7-13 | OU under | edge>=1.5pt,240,0.5625,0.07386363636363642,0.22911108671128502,0.13181818181818186,-0.007272727272727231,0.015946230890880337,False
linear_qb | line<=3 | ATS dogs | edge>=1pt,432,0.5625,0.07386363636363641,0.10614217962872796,0.16920400173988695,-0.015491235222176885,0.009594095940959411,False
lean | line>7 | OU under | edge>=1.5pt,112,0.5625,0.0738636363636364,0.41300699568854754,0.06611570247933889,0.09090909090909095,0.024301528729573012,False
linear_qb | total>=48 | OU over | edge>=3.0pt,96,0.5625,0.0738636363636364,0.44903037864531425,0.11162255466052941,,0.025540326831839752,False
linear_qb | wk14+ | OU over | edge>=3.0pt,194,0.5618556701030928,0.07263355201499537,0.2880750617521099,0.051072522982635385,0.09090909090909095,0.018502899314707433,False
linear_qb | all games | ML dogs | edge>=0.00,453,0.45253863134657835,0.07212786930143025,0.20123745970477594,0.12416222468599793,0.0057121594135901045,0.014654717975751186,False
linear_qb | line<=3 | ATS away | edge>=1pt,333,0.5615615615615616,0.07207207207207211,0.16658635620562,0.08145034156594855,0.061931818181818234,0.013125988402741172,False
linear_qb | line>7 | OU any | edge>=3.0pt,301,0.5614617940199336,0.07188160676532773,0.18975589333042026,0.0880829015544042,0.04292929292929298,0.014232999472851872,False
ensemble | line>7 | OU any | edge>=3.0pt,228,0.5614035087719298,0.07177033492822975,0.25488074762179475,0.027972027972028017,0.12987012987012994,0.017185028993147076,False
lean | wk1-6 | ML dogs | edge>=0.00,151,0.45695364238410596,0.07106640636149006,0.464538572995651,0.34531426869607384,-0.17232857146045305,0.026304691618344755,False
ensemble | total<=44 | ML dogs | edge>=0.05,193,0.45077720207253885,0.07099491993905213,0.41544578278412614,0.16166028786441836,-0.003419108452522009,0.02443331576172905,False
vegas | wk1-6 | ATS dogs | edge>=0pt,533,0.5609756097560976,0.07095343680709539,0.08468094299937888,0.12488521579430675,0.003081664098613301,0.008539799683711123,False
linear_qb | all games | ML dogs | edge>=0.05,446,0.45067264573991034,0.07093629130808844,0.2134314836169776,0.12705272479746788,0.0006490412809868808,0.01528729573010016,False
linear | wk1-6 | ATS away | edge>=1pt,394,0.5609137055837563,0.07083525611444397,0.13909812823243595,0.11504424778761067,0.011363636363636406,0.011597258829731154,False
ensemble | wk7-13 | ML dogs | edge>=0.10,92,0.44565217391304346,0.06981520611818624,0.5814853538777179,0.08978447378563092,0.03875190085771672,0.03157617290458619,False
elo | line>7 | OU any | edge>=3.0pt,282,0.5602836879432624,0.0696324951644101,0.21904511014177128,0.07537399309551214,0.06231671554252203,0.015419082762256196,False
linear_qb | total<=44 | ATS dogs | edge>=1pt,498,0.5602409638554217,0.06955093099671418,0.1024124034275098,0.10405257393209205,0.03504928806133631,0.009383236689509753,False
linear | wk1-6 | ATS away | edge>=0pt,466,0.5600858369098712,0.06925477955520878,0.11572080306184163,0.09513742071881613,0.0371503496503497,0.010226673695308382,False
neural_qbfeat | wk1-6 | ATS away | edge>=0pt,434,0.5599078341013825,0.06891495601173026,0.1309545043917064,0.10303030303030307,0.032187907785993966,0.011043753294675804,False
neural_qbfeat | line>7 | OU over | edge>=3.0pt,152,0.5592105263157895,0.0675837320574163,0.3823157810709032,-0.020979020979020938,0.160933660933661,0.02301001581444386,False
linear | line<=3 | ATS any | edge>=3pt,372,0.5591397849462365,0.06744868035190621,0.17131612619910444,0.15135895032802255,-0.02400408580183856,0.01352134949920928,False
neural_qbfeat | wk1-6 | ATS away | edge>=3pt,186,0.5591397849462365,0.06744868035190621,0.3343673191604444,0.06633906633906639,0.06909090909090913,0.02042698998418556,False
linear | total>=48 | OU over | edge>=1.5pt,136,0.5588235294117647,0.0668449197860963,0.41403549004641194,0.1526586620926244,-0.23636363636363633,0.024380600948866633,False
neural_qbfeat | wk1-6 | ATS away | edge>=1pt,351,0.5584045584045584,0.06604506604506609,0.19331204005876026,0.07451564828614013,0.05681818181818186,0.014417501317870321,False
linear | wk1-6 | ATS dogs | edge>=0pt,499,0.5571142284569138,0.06358170887229009,0.13522367643622044,0.12873258128732587,-0.015757575757575713,0.011386399578281498,False
lean_qb | wk1-6 | ATS away | edge>=0pt,413,0.5569007263922519,0.06317411402157169,0.17707219007756378,0.11225296442687752,0.0014903129657228393,0.013784923563521352,False
linear | total<=44 | ATS home | edge>=3pt,282,0.5567375886524822,0.06286266924564801,0.2674635623613466,0.031187790311877947,0.09278996865203766,0.017738534528202423,False
neural_qbfeat | wk1-6 | ATS any | edge>=3pt,345,0.5565217391304348,0.062450592885375536,0.22281987174001225,0.09749670619235842,0.00988142292490123,0.015735371639430683,False
lean_qb | wk1-6 | ATS home | edge>=3pt,142,0.5563380281690141,0.06209987195902695,0.4381897880227798,0.11818181818181829,0.007575757575757631,0.025092250922509225,False
linear_qb | wk7-13 | ATS home | edge>=3pt,196,0.5561224489795918,0.06168831168831174,0.36489880290836935,0.07692307692307698,0.039125431530494865,0.02216657880864523,False
linear_qb | line<=3 | ML any | edge>=0.10,425,0.5247058823529411,0.06148451485908304,0.22330583815698782,0.10245496172369657,0.00934030975866585,0.015788086452293095,False
lean | total>=48 | ATS away | edge>=3pt,90,0.5555555555555556,0.06060606060606066,0.5482310425095006,0.20087976539589453,-0.24999999999999997,0.029836584080126516,False
lean_qb | wk14+ | ATS home | edge>=3pt,108,0.5555555555555556,0.06060606060606065,0.5101230812972368,-0.0795454545454545,0.21153846153846162,0.027886136004217184,False
ensemble | total<=44 | ATS home | edge>=3pt,207,0.5555555555555556,0.06060606060606065,0.36023565828827914,0.06060606060606065,0.06060606060606064,0.021850289931470743,False
elo | wk1-6 | ML dogs | edge>=0.00,155,0.44516129032258067,0.06046069340112097,0.5362582543841384,0.271999547200631,-0.13785698203591967,0.029019504480759097,False
neural_qbfeat | line 3-7 | ATS dogs | edge>=3pt,281,0.5551601423487544,0.059851180847622185,0.29204458494718005,0.013867488443759674,0.13811188811188815,0.018661043753294675,False
lean | wk1-6 | ML dogs | edge>=0.05,147,0.4489795918367347,0.05971349098094288,0.5461177426401679,0.34648908344465196,-0.18713132278528774,0.02970479704797048,False
linear_qb | line<=3 | ATS away | edge>=0pt,427,0.5550351288056206,0.05961251862891211,0.19538188192551315,0.11581569115815696,0.0004370629370629794,0.014443858724301529,False
ensemble | all games | ML dogs | edge>=0.00,364,0.45054945054945056,0.05938210618077071,0.34199125095625355,0.15428426874703918,-0.045394269831699086,0.020954138112809703,False
linear_qb | line<=3 | ATS away | edge>=3pt,173,0.5549132947976878,0.0593799264319496,0.4128909194835817,0.1290322580645162,-0.02159090909090905,0.024275171323141803,False
linear | wk1-6 | ATS dogs | edge>=1pt,429,0.5547785547785548,0.05912269548633189,0.19804410513793116,0.12485854394568091,-0.025145067698259145,0.014602003162888772,False
neural_qbfeat | line<=3 | ATS dogs | edge>=3pt,238,0.5546218487394958,0.058823529411764754,0.34084778423582734,0.152037617554859,-0.029806259314455994,0.020848708487084873,False
ensemble | wk1-6 | ML any | edge>=0.10,254,0.5905511811023622,0.05880809946559561,0.34038311411219424,0.13306237340976027,-0.026773097622594087,0.020822351080653667,False
neural_qbfeat | wk14+ | ML dogs | edge>=0.00,116,0.4396551724137931,0.058712179576002915,0.6060069382577046,0.02130290271948591,0.10317981055639106,0.0327095413811281,False
neural_qbfeat | wk14+ | ML dogs | edge>=0.05,116,0.4396551724137931,0.058712179576002915,0.6060069382577046,0.02130290271948591,0.10317981055639106,0.0327358987875593,False
ensemble | line 3-7 | ATS dogs | edge>=3pt,202,0.5544554455445545,0.05850585058505855,0.3830734023807436,0.05225483178239087,0.06909090909090913,0.023036373220875067,False
linear | wk1-6 | ATS dogs | edge>=3pt,267,0.5543071161048689,0.05822267620020434,0.3178708616215484,0.1331378299120235,-0.045454545454545414,0.019873484449130206,False
ensemble | wk1-6 | ATS away | edge>=0pt,424,0.5542452830188679,0.0581046312178388,0.20858909141766266,0.11912225705329157,-0.015624999999999958,0.015023721665788088,False
ensemble | line>7 | ML any | edge>=0.10,116,0.8362068965517241,0.058051362019491064,0.323221466672321,0.11803361645594292,-0.0239651899650451,0.020057986294148657,False
ensemble | line>7 | ATS home | edge>=1pt,166,0.5542168674698795,0.058050383351588214,0.4331045144601672,0.043111527647610164,0.07905138339920953,0.024960463890353193,False
linear | wk1-6 | ATS away | edge>=3pt,231,0.5541125541125541,0.05785123966942153,0.3561602160101728,0.06521739130434788,0.046920821114369564,0.02161307327358988,False
linear | total<=44 | ML any | edge>=0.10,454,0.5991189427312775,0.05756882266915611,0.20801054178340583,0.068660558318669,0.04617998695760269,0.01499736425935688,False
lean | total<=44 | OU under | edge>=0.0pt,139,0.5539568345323741,0.057553956834532426,0.47738159487370135,-0.045454545454545414,0.1562099871959028,0.026963626779124936,False
ensemble | all games | ML dogs | edge>=0.05,353,0.4475920679886686,0.05748432940155171,0.36692847783469856,0.1426912374954286,-0.03528532201426692,0.02227200843437006,False
neural_qbfeat | wk7-13 | ML dogs | edge>=0.00,152,0.4342105263157895,0.05726848283179411,0.5665759779231552,0.1862150017255491,-0.12991194782043078,0.030627306273062732,False
neural_qbfeat | wk1-6 | ATS home | edge>=3pt,159,0.5534591194968553,0.0566037735849057,0.4545643123377093,0.13352272727272732,-0.060606060606060566,0.02577754348972061,False
lean | total<=44 | ML dogs | edge>=0.10,180,0.4388888888888889,0.05603374693088679,0.5382264455293172,0.16692842225358168,-0.03675567527789877,0.029098576700052715,False
neural_qbfeat | line>7 | ATS home | edge>=0pt,217,0.5529953917050692,0.05571847507331383,0.3892342593673451,-0.006651884700665154,0.13733075435203104,0.02327358987875593,False
linear | line<=3 | ATS dogs | edge>=1pt,434,0.5529953917050692,0.05571847507331382,0.22255465883869605,0.14729020979020985,-0.02855993563958162,0.015709014232999474,False
ensemble | line<=3 | ATS away | edge>=3pt,85,0.5529411764705883,0.055614973262032116,0.5926798161851297,0.2727272727272729,-0.10389610389610386,0.031892461781760674,False
elo | line<=3 | OU under | edge>=3.0pt,190,0.5526315789473685,0.05502392344497613,0.4265074394628003,0.035940803382663894,0.09538002980625936,0.024802319451765947,False
linear_qb | wk1-6 | OU under | edge>=0.0pt,391,0.5524296675191815,0.054638456172983074,0.2563735693349707,0.02334152334152339,0.09575040344271118,0.017264101212440697,False
linear_qb | wk7-13 | ATS dogs | edge>=3pt,201,0.5522388059701493,0.05427408412483043,0.4197483210897177,0.07905138339920954,0.021141649048625834,0.02469688982604112,False
linear_qb | total<=44 | ATS home | edge>=3pt,279,0.5519713261648745,0.0537634408602151,0.3458788021408766,0.05280748663101609,0.054672600127145636,0.021191354770690566,False
neural_qbfeat | line 3-7 | ATS away | edge>=3pt,145,0.5517241379310345,0.053291536050156775,0.5016678880721476,0.056092843326885924,0.04812834224598935,0.02751713231418029,False
ensemble | line 3-7 | ML dogs | edge>=0.05,70,0.38571428571428573,0.053179084580573334,0.7426559954473783,0.08805818152944193,,0.0385872430152873,False
ensemble | line 3-7 | ML dogs | edge>=0.00,70,0.38571428571428573,0.053179084580573334,0.7426559954473783,0.08805818152944193,,0.03863995782814972,False
ensemble | line 3-7 | ML dogs | edge>=0.10,70,0.38571428571428573,0.053179084580573334,0.7426559954473783,0.08805818152944193,,0.038613600421718505,False
neural_qbfeat | total<=44 | ATS home | edge>=1pt,419,0.5513126491646778,0.05250596658711222,0.25888237959253035,0.013589503280224973,0.0860606060606061,0.01734317343173432,False
neural_qbfeat | line>7 | ATS home | edge>=1pt,176,0.5511363636363636,0.052169421487603354,0.46831264158095376,-0.00727272727272724,0.1303827751196173,0.026462836056932,False
linear_qb | wk14+ | OU any | edge>=3.0pt,352,0.5511363636363636,0.05216942148760335,0.3040316301819567,0.07863636363636368,0.017344497607655544,0.01921454928835003,False
ensemble | wk14+ | ML dogs | edge>=0.10,80,0.4375,0.05124891904060354,0.7089403601668987,-0.05274228109887796,0.155240119180085,0.03692672641012125,False
neural_qbfeat | total>=48 | OU under | edge>=3.0pt,376,0.550531914893617,0.05101547388781436,0.2988800468396053,0.08583981074687401,-0.036533559898045846,0.019030047443331578,False
neural_qbfeat | wk7-13 | ML dogs | edge>=0.05,149,0.42953020134228187,0.0509760308534663,0.614598557528474,0.17988470531072628,-0.12991194782043078,0.033078545071165,False
neural_qbfeat | wk7-13 | OU under | edge>=3.0pt,200,0.55,0.05000000000000004,0.4585712621105149,0.10807374443738084,-0.09569377990430618,0.026014760147601474,False
ensemble | wk1-6 | ATS dogs | edge>=3pt,231,0.5497835497835498,0.049586776859504175,0.4293131563682017,0.12121212121212127,-0.03636363636363632,0.02488139167105957,False
neural_qbfeat | wk14+ | OU over | edge>=3.0pt,191,0.5497382198952879,0.04950023798191342,0.47341286074181094,0.090909090909091,0.025544703230653686,0.026726410121244073,False
elo | wk1-6 | ML dogs | edge>=0.10,122,0.4262295081967213,0.04940250084128675,0.6632319291692262,0.19977681787902368,-0.08687422397416228,0.03510806536636795,False
neural_qbfeat | total>=48 | OU any | edge>=3.0pt,404,0.5495049504950495,0.04905490549054911,0.3004701658340341,0.08620689655172419,-0.04545454545454541,0.0191091196626252,False
elo | total<=44 | ML dogs | edge>=0.10,179,0.4245810055865922,0.04886596319285821,0.6017998463503209,0.11508275225289961,-0.016615083766516076,0.03244596731681603,False
neural_qbfeat | wk1-6 | ATS dogs | edge>=1pt,517,0.5493230174081238,0.04870757868823638,0.24464160861179443,0.0799601857996019,0.01346801346801351,0.01676331049024776,False
linear | wk7-13 | ATS home | edge>=3pt,195,0.5487179487179488,0.04755244755244759,0.48652116816339364,0.039772727272727314,0.058050383351588214,0.027227200843437008,False
linear | wk7-13 | ML any | edge>=0.10,319,0.6081504702194357,0.047467542040471544,0.3679474392909994,0.041045460816890034,0.05797640222451404,0.022324723247232475,False
linear_qb | line>7 | OU under | edge>=3.0pt,113,0.5486725663716814,0.047465808527755476,0.5980164001423149,0.13131313131313135,-0.16477272727272724,0.03218239325250396,False
neural_qbfeat | line>7 | ML any | edge>=0.10,154,0.8181818181818182,0.04701432748179854,0.36465310162677317,0.06728636080785515,0.016107784869941782,0.022140221402214024,False
neural_qbfeat | wk7-13 | ATS home | edge>=3pt,186,0.5483870967741935,0.04692082111436956,0.5025902856685952,-0.019656019656019614,0.14545454545454556,0.027622561939905116,False
ensemble | wk1-6 | ATS away | edge>=3pt,135,0.5481481481481482,0.04646464646464652,0.5722653293629438,0.06060606060606065,0.03030303030303033,0.030969952556668425,False
linear_qb | total>=48 | OU any | edge>=3.0pt,354,0.5480225988700564,0.04622496147919881,0.3613037016178584,0.10449320794148385,-0.11730205278592373,0.021929362150764367,False
neural_qbfeat | wk7-13 | ML dogs | edge>=0.10,133,0.42105263157894735,0.04587664783709602,0.6724974788763945,0.1476117622808941,-0.10768578905920298,0.03539799683711123,False
linear_qb | wk14+ | OU over | edge>=1.5pt,272,0.5477941176470589,0.04578877005347598,0.428294118444034,0.07486631016042784,0.023172905525846745,0.024828676858197157,False
elo | line>7 | OU over | edge>=0.0pt,347,0.547550432276657,0.04532355252816353,0.3755691662503089,-0.008125952260030425,0.10227272727272732,0.022720084343700583,False
ensemble | line 3-7 | ATS home | edge>=3pt,148,0.5472972972972973,0.0448402948402949,0.5681188495258822,-0.045454545454545414,0.1700879765395895,0.030759093305218768,False
elo | line>7 | OU under | edge>=3.0pt,106,0.5471698113207547,0.044596912521440865,0.6315965231304704,0.10139860139860145,-0.1136363636363636,0.03368476541908277,False
elo | wk7-13 | OU under | edge>=0.0pt,417,0.5467625899280576,0.043819489862655374,0.3475443089067483,0.09790209790209796,-0.05871212121212118,0.021270426989984187,False
elo | line 3-7 | ATS dogs | edge>=3pt,214,0.5467289719626168,0.04375531011045036,0.5023515946011644,0.013286713286713336,0.09090909090909094,0.027569847127042704,False
linear | wk7-13 | ML any | edge>=0.05,589,0.6604414261460102,0.04364240450225756,0.20219325255642256,0.04020908988468512,0.0482657524733312,0.014733790195044809,False
linear_qb | wk1-6 | ATS away | edge>=0pt,472,0.5466101694915254,0.04352850539291222,0.32073716892327414,0.06968517863459502,0.012262156448202999,0.019952556668423826,False
neural_qbfeat | line 3-7 | ATS any | edge>=3pt,355,0.5464788732394367,0.04327784891165177,0.39216142979061236,-0.01042535446205168,0.12873258128732584,0.023326304691618345,False
linear | total<=44 | ATS any | edge>=3pt,498,0.5461847389558233,0.0427163198247536,0.31686639945262696,0.011590003621876179,0.07434670592565336,0.01982076963626779,False
linear | line<=3 | ATS away | edge>=0pt,412,0.5461165048543689,0.04258605472197711,0.36423265698732255,0.10620220900594739,-0.02617079889807158,0.022113863995782815,False
linear_qb | wk1-6 | ATS dogs | edge>=0pt,489,0.5460122699386503,0.042387060791968814,0.32504860796036744,0.11180773249738774,-0.037081339712918625,0.020163415919873487,False
linear_qb | total<=44 | ATS dogs | edge>=0pt,588,0.5459183673469388,0.04220779220779226,0.28243352493871293,0.05764966740576502,0.02748414376321358,0.018318397469688982,False
linear | total>=48 | OU under | edge>=0.0pt,469,0.5458422174840085,0.0420624151967436,0.33890397311325066,0.08370837083708375,-0.033953997809419455,0.020716921454928837,False
ensemble | wk7-13 | ML dogs | edge>=0.00,123,0.44715447154471544,0.04132664546361391,0.6969696848031789,0.09523869002488276,-0.027560967031340713,0.036399578281497105,False
linear | line>7 | OU over | edge>=1.5pt,231,0.5454545454545454,0.04132231404958685,0.5103909924450164,0.008000000000000042,0.08061749571183538,0.027912493410648394,False
linear_qb | wk14+ | OU any | edge>=1.5pt,528,0.5454545454545454,0.04132231404958682,0.31877650229007165,0.09382076997735364,-0.018402649981597286,0.019899841855561415,False
neural_qbfeat | line<=3 | ATS away | edge>=3pt,121,0.5454545454545454,0.04132231404958682,0.6348045408235752,0.12500000000000006,-0.03076923076923073,0.03384290985767001,False
linear | line<=3 | ML any | edge>=0.05,661,0.5476550680786687,0.041268694193709855,0.27799427997459863,0.129725885882549,-0.051296416613806024,0.018186610437532946,False
elo | total<=44 | ATS home | edge>=3pt,222,0.545045045045045,0.04054054054054059,0.5267655750516161,0.025544703230653686,0.05850585058505855,0.0286768581971534,False
neural_qbfeat | total>=48 | ATS dogs | edge>=3pt,200,0.545,0.0404545454545455,0.5489939555348465,0.051948051948052,0.008576329331046371,0.02986294148655772,False
linear_qb | line>7 | OU under | edge>=1.5pt,178,0.5449438202247191,0.040347293156281966,0.5730384545123179,0.09735146743020767,-0.10160427807486627,0.030996309963099634,False
ensemble | wk1-6 | ATS away | edge>=1pt,312,0.5448717948717948,0.04020979020979025,0.45630081754497936,0.10405257393209205,-0.03237858032378576,0.02588297311544544,False
ensemble | line>7 | OU under | edge>=1.5pt,145,0.5448275862068965,0.040125391849529825,0.6132991291546688,0.07502206531332749,-0.045454545454545414,0.03302583025830259,False
lean | total<=44 | ML dogs | edge>=0.00,207,0.4396135265700483,0.03993728684542948,0.632124195465819,0.16917928782949407,-0.07183957887051827,0.033711122825513966,False
ensemble | line<=3 | ML dogs | edge>=0.00,289,0.46366782006920415,0.03992650395371924,0.5466508713464638,0.14099807873471049,-0.053733155343332645,0.02973115445440169,False
linear | total>=48 | ML dogs | edge>=0.05,111,0.43243243243243246,0.039902320729477025,0.7295201832964994,0.09452234427622283,-0.06502561924190316,0.037954665260938325,False
neural_qbfeat | all games | ATS dogs | edge>=3pt,839,0.5446960667461264,0.039874309242604884,0.22504486463942028,0.04201376312930103,0.036687348260048595,0.015840801265155507,False
lean | line<=3 | ML dogs | edge>=0.10,228,0.45614035087719296,0.03985310105679575,0.5985697977741302,0.16894064794328195,-0.06841387375122493,0.032261465471797576,False
lean | wk7-13 | OU under | edge>=1.5pt,235,0.5446808510638298,0.03984526112185691,0.5220820348494278,0.1124918247220406,-0.06534090909090905,0.028465998945703744,False
ensemble | wk14+ | ATS home | edge>=3pt,112,0.5446428571428571,0.03977272727272734,0.660254168726154,-0.09239940387481367,0.19786096256684496,0.03505535055350554,False
neural_qbfeat | line<=3 | OU under | edge>=0.0pt,437,0.5446224256292906,0.0397337216559185,0.3833317868076589,-0.015856236786469302,0.11985779583544952,0.023062730627306276,False
ensemble | total>=48 | ML dogs | edge>=0.05,74,0.44594594594594594,0.0394188445787048,0.7747923382965627,0.09550491538880576,-0.05272255746646099,0.04001054296257248,False
lean_qb | wk1-6 | ATS dogs | edge>=0pt,540,0.5444444444444444,0.03939393939393944,0.3365091430391776,0.12142403051493965,-0.052970651395848216,0.02047970479704797,False
ensemble | total>=48 | ML dogs | edge>=0.00,76,0.4473684210526316,0.03933211070008184,0.7716384369296017,0.116286638771641,-0.08538729686416924,0.03995782814971007,False
vegas | total>=48 | ATS dogs | edge>=0pt,428,0.544392523364486,0.039294817332200555,0.3935694253688957,0.051948051948052,0.011533242876526502,0.02345809172377438,False
neural_qbfeat | wk1-6 | ATS dogs | edge>=0pt,597,0.5443886097152428,0.03928734582000918,0.31348846960535176,0.09518381305215165,-0.024852844996729847,0.019583552978386928,False
lean | wk1-6 | ATS dogs | edge>=3pt,226,0.5442477876106194,0.03901850362027357,0.5388051013362213,0.10955710955710961,-0.03669724770642198,0.02915129151291513,False
lean_qb | wk14+ | ML dogs | edge>=0.00,88,0.4318181818181818,0.03873440002306105,0.7671602747946508,-0.11453238535337369,0.18518932827165427,0.03974696889826041,False
linear_qb | total<=44 | ATS any | edge>=3pt,491,0.5437881873727087,0.03814108498426222,0.37502767296005446,0.029706513958482506,0.047180667433832056,0.02266736953083817,False
linear | total>=48 | ATS away | edge>=3pt,149,0.5436241610738255,0.037827943868212366,0.6291321024838034,0.08125502815768307,-0.09848484848484845,0.03360569319978914,False
elo | line>7 | OU over | edge>=1.5pt,265,0.5433962264150943,0.037392795883361966,0.5234396562980825,0.00715819613457413,0.06521739130434787,0.028545071164997368,False
linear_qb | line<=3 | ATS dogs | edge>=0pt,519,0.5433526011560693,0.03730951129795067,0.37229934131196696,0.143939393939394,-0.06332992849846777,0.022509225092250923,False
neural_qbfeat | total<=44 | ATS home | edge>=0pt,519,0.5433526011560693,0.037309511297950654,0.3722993413119672,0.02479338842975211,0.04734848484848491,0.022535582498682132,False
ensemble | total>=48 | ATS away | edge>=3pt,81,0.5432098765432098,0.037037037037037084,0.7284944102117944,0.08181818181818186,-0.09090909090909087,0.03792830785450712,False
ensemble | wk1-6 | ATS any | edge>=3pt,267,0.5430711610486891,0.03677221654749749,0.5288175171996389,0.09472345835982206,-0.030058651026392928,0.028755930416447025,False
ensemble | line<=3 | ML dogs | edge>=0.05,278,0.460431654676259,0.036746911048820434,0.5875880038806691,0.12413352509544807,-0.04226016466456892,0.031655245123879815,False
neural_qbfeat | total<=44 | ATS any | edge>=3pt,453,0.543046357615894,0.03672486453943412,0.4120735419844732,0.006035458317616033,0.07161234991423675,0.024196099103848182,False
neural_qbfeat | line>7 | OU under | edge>=1.5pt,186,0.543010752688172,0.03665689149560122,0.6007160952760346,0.08888888888888895,-0.10160427807486627,0.032366895097522407,False
linear_qb | wk14+ | OU under | edge>=1.5pt,256,0.54296875,0.0365767045454546,0.539651392373067,0.10774410774410781,-0.08607350096711795,0.029230363732208754,False
neural_qbfeat | total<=44 | ML any | edge>=0.05,734,0.6376021798365122,0.03643333937884379,0.25994590397068074,0.09059172643173871,-0.010817090141794156,0.01742224565102794,False
neural_qbfeat | line 3-7 | ATS home | edge>=3pt,210,0.5428571428571428,0.0363636363636364,0.581011090534445,-0.06085043988269791,0.17653276955602543,0.03152345809172377,False
linear_qb | total<=44 | ML any | edge>=0.10,462,0.6038961038961039,0.03625412699245687,0.4050812904896411,0.03199783198062647,0.04114391707581549,0.02385345282024249,False
lean | total<=44 | ML dogs | edge>=0.05,202,0.43564356435643564,0.03613775321772093,0.6699333921483726,0.16435651858544648,-0.07325990897676046,0.03534528202424882,False
linear_qb | total<=44 | ATS home | edge>=0pt,551,0.542649727767695,0.03596766210196342,0.3755115679912713,0.06940777065258398,0.009970674486803562,0.022693726937269374,False
linear_qb | total>=48 | OU under | edge>=3.0pt,258,0.5426356589147286,0.0359408033826639,0.5451700467242382,0.10139860139860145,-0.12081339712918655,0.029520295202952032,False
lean_qb | total<=44 | ATS home | edge>=3pt,223,0.5426008968609866,0.035874439461883456,0.5746735038159795,0.04132231404958682,0.030571198712791677,0.03120716921454929,False
linear_qb | wk1-6 | OU under | edge>=3.0pt,177,0.5423728813559322,0.03543913713405243,0.6216967657347799,0.056487202118270116,0.006142506142506185,0.03328940432261466,False
lean_qb | all games | ML dogs | edge>=0.05,327,0.4434250764525994,0.035355256001216646,0.5876448787195618,0.17485244434789796,-0.10672521361114395,0.031681602530311014,False
lean_qb | total>=48 | OU any | edge>=3.0pt,284,0.5422535211267606,0.035211267605633846,0.5339306962116578,0.057618437900128085,-0.03201024327784887,0.028914074855034267,False
elo | total>=48 | ML favs | edge>=0.10,81,0.7530864197530864,0.03506635121186985,0.6092332664153602,0.08329704494750842,,0.032762256193990515,False
elo | line>7 | OU any | edge>=0.0pt,594,0.5420875420875421,0.034894398530762205,0.3720224091806646,0.03589876033057855,0.03343350864012025,0.022482867685819717,False
neural_qbfeat | wk14+ | ML dogs | edge>=0.10,106,0.42452830188679247,0.03438102576166337,0.7745793603978822,-0.005975506206555252,0.07958034156606822,0.03998418555614128,False
lean_qb | wk1-6 | OU under | edge>=0.0pt,395,0.5417721518987342,0.034292289988492576,0.47466367593805764,-0.04149377593360993,0.15289256198347112,0.026779124934106488,False
lean_qb | line 3-7 | OU under | edge>=0.0pt,443,0.5417607223476298,0.03427046993638419,0.4491831868443705,0.09090909090909095,-0.045454545454545414,0.025566684238270954,False
neural_qbfeat | total<=44 | ATS dogs | edge>=1pt,650,0.5415384615384615,0.033846153846153894,0.3650395326993373,0.001108647450110907,0.06719367588932809,0.02219293621507644,False
lean_qb | wk1-6 | ML any | edge>=0.10,226,0.588495575221239,0.03352627250856146,0.5985655202977701,0.2170951952619092,-0.15004265024478627,0.03223510806536637,False
linear | all games | ATS dogs | edge>=3pt,702,0.5413105413105413,0.03341103341103345,0.3527391590927184,0.03754940711462455,0.027462121212121257,0.02142857142857143,False
lean | wk7-13 | ML dogs | edge>=0.00,125,0.448,0.0331209583748842,0.7502980684506227,0.17815314525471335,-0.13441622302078057,0.03908803373748024,False
linear_qb | wk14+ | OU over | edge>=0.0pt,377,0.5411140583554377,0.03303592958765378,0.5011223639224566,0.006611570247933932,0.0536020583190395,0.02749077490774908,False
lean | wk1-6 | ATS home | edge>=3pt,146,0.541095890410959,0.03300124533001251,0.676766692788675,0.07905138339920956,-0.008264462809917314,0.03571428571428572,False
lean_qb | total>=48 | ATS away | edge>=0pt,366,0.5409836065573771,0.03278688524590169,0.510672851033446,0.07771260997067454,-0.061633281972264975,0.0279388508170796,False
neural_qbfeat | all games | ATS home | edge>=3pt,503,0.5407554671968191,0.03235134646665467,0.44648044001048703,0.0006269592476489482,0.07554417413572347,0.025461254612546128,False
lean_qb | total>=48 | OU under | edge>=3.0pt,270,0.5407407407407407,0.03232323232323237,0.5778281171597572,0.059545454545454596,-0.045454545454545414,0.03139167105956774,False
elo | wk7-13 | OU under | edge>=1.5pt,307,0.5407166123778502,0.03227716908498673,0.5532999986647442,0.04301552106430159,0.010695187165775444,0.029968371112282552,False
linear | total>=48 | OU any | edge>=1.5pt,505,0.5405940594059406,0.03204320432043209,0.44993058036661204,0.08629961587708072,-0.09636363636363633,0.02564575645756458,False
linear_qb | line>7 | OU over | edge>=0.0pt,333,0.5405405405405406,0.031941031941032004,0.5411407928725289,-0.0242424242424242,0.09803921568627455,0.02930943595150237,False
neural_qbfeat | line<=3 | OU under | edge>=3.0pt,185,0.5405405405405406,0.031941031941032,0.64935805808925,0.012396694214876082,0.08061749571183541,0.03460727464417501,False
linear_qb | wk7-13 | ATS any | edge>=3pt,346,0.5404624277456648,0.031791907514450914,0.535230796541094,0.05360205831903951,-0.0027137042062414774,0.028993147074327888,False
lean_qb | all games | ML dogs | edge>=0.10,270,0.43333333333333335,0.03159291606360344,0.665327002266757,0.16273705786634743,-0.1034954104550125,0.03523985239852399,False
lean | total>=48 | ATS away | edge>=0pt,372,0.5403225806451613,0.031524926686217064,0.5237329396219846,0.07202797202797208,-0.062499999999999965,0.02857142857142857,False
linear_qb | total>=48 | OU under | edge>=1.5pt,361,0.5401662049861495,0.03122639133719471,0.5338726960546533,0.08076634109691966,-0.06951871657754005,0.028887717448603058,False
neural_qbfeat | line<=3 | ATS dogs | edge>=1pt,461,0.5401301518438177,0.031157562610924897,0.4828206762971005,0.1007371007371008,-0.0334728033472803,0.027148128624143387,False
elo | wk1-6 | ATS away | edge>=0pt,424,0.5400943396226415,0.031089193825042924,0.5019362181131503,0.08851674641148333,-0.03571428571428567,0.02754348972061149,False
lean_qb | wk1-6 | ATS away | edge>=1pt,287,0.5400696864111498,0.031042128603104253,0.5815551545276573,0.043478260869565265,0.015151515151515195,0.031602530311017396,False
elo | line<=3 | OU under | edge>=1.5pt,313,0.5399361022364217,0.03078710426953243,0.5680517078716781,0.010101010101010138,0.06231671554252204,0.030732735898787562,False
linear_qb | total<=44 | ATS home | edge>=1pt,476,0.5399159663865546,0.030748663101604325,0.48158396855782243,0.08712121212121217,-0.01608391608391604,0.02709541381128097,False
lean_qb | total<=44 | ML dogs | edge>=0.10,153,0.43137254901960786,0.030731023508413634,0.7534163370162401,0.15255889253110894,-0.07201537205289565,0.03924617817606748,False
lean | line>7 | ATS home | edge>=1pt,176,0.5397727272727273,0.030475206611570292,0.6723127620618036,-0.025568181818181768,0.09772727272727276,0.03537163943068002,False
neural_qbfeat | wk7-13 | ATS dogs | edge>=3pt,302,0.5397350993377483,0.030403371462974164,0.5797509056093606,0.03754940711462455,0.019260400616332857,0.031444385872430154,False
elo | line>7 | OU any | edge>=1.5pt,428,0.5397196261682243,0.030373831775700983,0.5098554965820076,0.04692082111436955,0.0075757575757576185,0.02785977859778598,False
ensemble | line>7 | OU any | edge>=1.5pt,404,0.5396039603960396,0.030153015301530202,0.5250457097353167,0.008733624454148515,0.05818181818181825,0.02859778597785978,False
lean_qb | all games | OU under | edge>=3.0pt,341,0.5395894428152492,0.030125299920021366,0.5597638517763665,0.02797202797202802,0.03483432455395077,0.030205587770163418,False
linear_qb | wk1-6 | ATS dogs | edge>=3pt,254,0.5393700787401575,0.029706513958482502,0.6199352706873288,0.10189139719341067,-0.07272727272727268,0.033210332103321034,False
linear_qb | line>7 | OU any | edge>=1.5pt,432,0.5393518518518519,0.029671717171717217,0.5177550957129997,0.03877005347593587,0.014204545454545497,0.028281497100685296,False
vegas | total>=48 | ATS any | edge>=0pt,688,0.5392441860465116,0.02946617336152224,0.4172965982622453,0.03271943573667717,0.022727272727272766,0.024486030574591464,False
vegas | total>=48 | ATS away | edge>=0pt,688,0.5392441860465116,0.02946617336152224,0.4172965982622453,0.03271943573667717,0.022727272727272766,0.02451238798102267,False
neural_qbfeat | total<=44 | ATS dogs | edge>=3pt,395,0.5392405063291139,0.029459148446490266,0.539247686533575,0.011207970112079739,0.052169421487603354,0.02917764891934634,False
ensemble | wk1-6 | ATS dogs | edge>=1pt,473,0.5391120507399577,0.029213915049010223,0.5051263669167815,0.08659719726913408,-0.036776859504132196,0.027727991565629946,False
elo | line 3-7 | OU over | edge>=3.0pt,256,0.5390625,0.02911931818181823,0.625520460275853,0.06436041834271927,0.0012714558169104047,0.03339483394833948,False
lean_qb | line 3-7 | ATS any | edge>=3pt,256,0.5390625,0.029119318181818225,0.6255204602758532,0.013793103448275917,0.049140049140049186,0.033421191354770695,False
neural_qbfeat | wk7-13 | OU under | edge>=1.5pt,308,0.538961038961039,0.028925619834710786,0.5947156300230553,0.06363636363636369,-0.045454545454545414,0.031945176594623086,False
lean | total<=44 | ATS home | edge>=3pt,232,0.5387931034482759,0.028605015673981236,0.648216447679948,0.022727272727272763,0.034090909090909144,0.03450184501845018,False
linear_qb | wk14+ | OU any | edge>=0.0pt,748,0.5387700534759359,0.02856101118133208,0.4123346572054012,0.043111527647610164,0.012878787878787918,0.024248813916710597,False
ensemble | wk1-6 | ATS dogs | edge>=0pt,607,0.5387149917627677,0.028455893365283858,0.4619743477237786,0.10774410774410781,-0.06231930613556052,0.02617290458618872,False
ensemble | line>7 | OU over | edge>=0.0pt,362,0.5386740331491713,0.02837769964841793,0.5713729238357625,-0.015311004784688954,0.07663847780126856,0.030864522930943595,False
ensemble | total<=44 | ATS home | edge>=1pt,414,0.538647342995169,0.028326745718050116,0.5455843531417217,0.003246753246753294,0.05087572977481239,0.02954665260938324,False
ensemble | line>7 | ATS home | edge>=0pt,221,0.5384615384615384,0.027972027972028028,0.6633072276853584,-0.00601051840721258,0.06909090909090913,0.035134422772799156,False
linear | wk1-6 | OU over | edge>=3.0pt,234,0.5384615384615384,0.027972027972028024,0.6541112837129174,-0.03769401330376936,0.10073710073710082,0.03484449130205588,False
neural_qbfeat | all games | OU under | edge>=3.0pt,507,0.5384615384615384,0.02797202797202802,0.5088255182604181,0.05824259306153462,-0.04545454545454542,0.02783342119135477,False
linear | total>=48 | OU under | edge>=3.0pt,247,0.5384615384615384,0.02797202797202802,0.6452190841139956,0.08145034156594856,-0.09705159705159701,0.034317343173431734,False
lean | line>7 | ATS any | edge>=3pt,221,0.5384615384615384,0.027972027972028017,0.6633072276853585,-0.024552090245520863,0.11363636363636369,0.03516078017923037,False
lean_qb | wk7-13 | ATS away | edge>=3pt,91,0.5384615384615384,0.027972027972028017,0.7810160477661455,0.0030816640986132938,0.07386363636363641,0.040326831839746974,False
linear | line<=3 | ATS home | edge>=3pt,208,0.5384615384615384,0.027972027972028003,0.6728330838801319,0.11975524475524478,-0.06381118881118877,0.03545071164997365,False
vegas | line<=3 | OU any | edge>=0.0pt,927,0.5382955771305286,0.027655192703736443,0.37680388958216976,-0.020553359683794424,0.07514113295697882,0.02274644175013179,False
vegas | line<=3 | OU under | edge>=0.0pt,927,0.5382955771305286,0.027655192703736443,0.37680388958216976,-0.020553359683794424,0.07514113295697882,0.022772799156562995,False
neural_qbfeat | wk14+ | OU any | edge>=3.0pt,327,0.5382262996941896,0.027522935779816578,0.601933371972777,0.05790387955993055,-0.0005347593582887226,0.03247232472324723,False
lean | line>7 | ATS home | edge>=0pt,236,0.538135593220339,0.027349768875192658,0.6599711583648346,-0.014662756598240427,0.0738636363636364,0.035028993147074326,False
ensemble | line<=3 | ML any | edge>=0.10,296,0.4864864864864865,0.02724888459530672,0.6638684350236118,0.0779471461416335,-0.025547236049488765,0.035187137585661575,False
neural_qbfeat | line<=3 | ATS away | edge>=0pt,381,0.5380577427821522,0.027201145311381576,0.5777775104256322,0.05329153605015678,0.0052700922266140085,0.03136531365313654,False
neural_qbfeat | wk1-6 | OU under | edge>=3.0pt,171,0.5380116959064327,0.02711323763955347,0.7107855737845014,0.021141649048625834,0.0454545454545455,0.03703215603584608,False
linear_qb | wk14+ | OU under | edge>=3.0pt,158,0.5379746835443038,0.027042577675489118,0.722313881947081,0.10073710073710078,-0.14700193423597677,0.03769109119662625,False
ensemble | total<=44 | ML any | edge>=0.10,337,0.5786350148367952,0.026935398875588518,0.615587276838505,0.06256749030752379,-0.0072465493003959006,0.033104902477596204,False
ensemble | wk1-6 | ATS home | edge>=3pt,132,0.5378787878787878,0.026859504132231447,0.7472190322594253,0.12932138284250969,-0.09239940387481368,0.03885081707959937,False
linear | wk7-13 | ATS dogs | edge>=3pt,238,0.5378151260504201,0.026737967914438557,0.6657962767105359,0.030085022890778322,0.02203856749311299,0.03526620980495519,False
linear_qb | total>=48 | OU under | edge>=0.0pt,463,0.5377969762419006,0.026703318279992193,0.5467891383329588,0.07110711071107115,-0.0573863636363636,0.029783869267264104,False
ensemble | wk7-13 | ATS away | edge>=3pt,106,0.5377358490566038,0.02658662092624363,0.7752727700228024,0.10369318181818186,-0.09090909090909087,0.040036900369003696,False
ensemble | all games | ATS home | edge>=3pt,385,0.5376623376623376,0.026446280991735578,0.5864382392881863,0.03483432455395077,0.015948963317384414,0.0316288877174486,False
vegas | wk1-6 | ATS any | edge>=0pt,850,0.5376470588235294,0.026417112299465282,0.4189253268689261,0.04018301173662229,0.010409437890353966,0.024644175013178705,False
vegas | wk1-6 | ATS away | edge>=0pt,850,0.5376470588235294,0.026417112299465282,0.4189253268689261,0.04018301173662229,0.010409437890353966,0.02467053241960991,False
neural_qbfeat | wk1-6 | OU under | edge>=0.0pt,426,0.5375586854460094,0.026248399487836152,0.5699966887544659,-0.04171122994652402,0.127591706539075,0.030838165524512393,False
lean_qb | total>=48 | OU under | edge>=0.0pt,575,0.5373913043478261,0.025928853754940757,0.5142625038557719,0.029904306220095735,0.018181818181818226,0.02812335266209805,False
lean_qb | total>=48 | OU under | edge>=1.5pt,428,0.5373831775700935,0.025913338997451203,0.5740393535037369,0.04372444164831713,-0.01111837802485279,0.031101739588824465,False
lean_qb | line 3-7 | ATS away | edge>=0pt,430,0.5372093023255814,0.02558139534883725,0.5780743588830721,0.10266457680250789,-0.06473829201101924,0.03141802846599895,False
neural_qbfeat | line<=3 | ATS away | edge>=1pt,283,0.5371024734982333,0.025377449405718004,0.6547224972523434,0.08088235294117652,-0.025974025974025934,0.034870848708487084,False
linear | wk7-13 | ML favs | edge>=0.05,440,0.7295454545454545,0.025150124729417817,0.41397348666383205,0.004893761198619043,0.0528120405187882,0.024327886136004218,False
ensemble | line>7 | OU over | edge>=3.0pt,149,0.5369127516778524,0.025015253203172723,0.749655939794822,-0.08578745198463501,0.12587412587412594,0.03900896151818661,False
linear | total>=48 | OU any | edge>=3.0pt,326,0.5368098159509203,0.024818739542665964,0.638664796444804,0.08858800773694395,-0.13986013986013981,0.03415919873484449,False
lean_qb | total<=44 | ML dogs | edge>=0.05,177,0.4350282485875706,0.024769213687586673,0.782278847744782,0.1596516314870194,-0.08396253127318054,0.0404059040590406,False
ensemble | line>7 | OU over | edge>=1.5pt,259,0.5366795366795367,0.024570024570024614,0.6788062937452857,-0.04545454545454542,0.09090909090909101,0.03579335793357934,False
lean | line>7 | ATS dogs | edge>=3pt,205,0.5365853658536586,0.024390243902439063,0.7147950385052009,-0.0379384395132426,0.12587412587412594,0.03732208750658935,False
ensemble | wk7-13 | OU under | edge>=0.0pt,425,0.5364705882352941,0.024171122994652454,0.601381519640277,0.08276797829036639,-0.07585408222350894,0.03241960991038482,False
linear_qb | wk14+ | OU under | edge>=0.0pt,371,0.5363881401617251,0.024013722126929725,0.6278247310439343,0.07011822258459033,-0.04545454545454539,0.03352662098049552,False
lean | line 3-7 | ATS away | edge>=3pt,110,0.5363636363636364,0.023966942148760374,0.7931749998034394,0.15797317436661706,-0.14285714285714282,0.04098576700052715,False
linear | line 3-7 | ATS dogs | edge>=3pt,248,0.5362903225806451,0.023826979472140818,0.6944078861737291,0.01346801346801351,0.04334038054968292,0.03626779124934106,False
neural_qbfeat | line>7 | ML favs | edge>=0.10,143,0.8531468531468531,0.023341928316245344,0.5190204061004835,0.06733695633770817,-0.04303653501438278,0.028334211913547708,False
neural_qbfeat | wk1-6 | OU any | edge>=3.0pt,347,0.5360230547550432,0.02331674089599166,0.6489968670931469,0.02658662092624362,0.018181818181818226,0.0345545598313126,False
linear_qb | wk1-6 | OU under | edge>=1.5pt,278,0.5359712230215827,0.023217789404839807,0.6851487205559276,0.0205831903945112,0.02673796791443854,0.0360305745914602,False
ensemble | wk7-13 | ML any | edge>=0.10,216,0.6064814814814815,0.022786019870797394,0.7167059755987675,0.05667748092128642,-0.023768184868885326,0.0374802319451766,False
lean | line<=3 | ML dogs | edge>=0.00,296,0.4560810810810811,0.02273887865872763,0.7277926597268463,0.15421308827707383,-0.0952507966397882,0.03790195044807591,False
vegas | line<=3 | ATS dogs | edge>=0pt,476,0.5357142857142857,0.02272727272727278,0.6031349347733648,0.08181818181818186,-0.03736517719568563,0.03257775434897206,False
lean | wk1-6 | ATS away | edge>=0pt,420,0.5357142857142857,0.022727272727272773,0.625368603989357,0.09090909090909095,-0.06643356643356639,0.033368476541908276,False
ensemble | wk7-13 | ATS dogs | edge>=3pt,224,0.5357142857142857,0.02272727272727277,0.7218312523798658,0.06852103120759843,-0.045454545454545414,0.03763837638376384,False
lean_qb | all games | ML dogs | edge>=0.00,337,0.4391691394658754,0.02258466168015618,0.7240613029199179,0.1554943097758263,-0.11761880856710562,0.03779652082235108,False
lean_qb | wk1-6 | ATS dogs | edge>=1pt,407,0.5356265356265356,0.022559749832477154,0.6333158049991592,0.06944444444444449,-0.03046168491194665,0.033763837638376384,False
neural_qbfeat | all games | ATS any | edge>=3pt,997,0.5356068204613842,0.022522111789915245,0.45552458951474156,0.019260400616332867,0.027250390886754565,0.025803900896151824,False
linear_qb | line<=3 | ATS any | edge>=1pt,717,0.5355648535564853,0.022441993153290266,0.5284380266069755,0.06824477461596579,-0.02400408580183857,0.02870321560358461,False
lean | wk1-6 | ML any | edge>=0.10,266,0.5827067669172933,0.022391066310467556,0.70451132583106,0.14559442419033153,-0.0953768493099906,0.03676858197153401,False
linear_qb | line>7 | OU over | edge>=1.5pt,254,0.5354330708661418,0.02219040801717971,0.7111714226882124,-0.012539184952978014,0.06839032527105927,0.037084870848708484,False
ensemble | all games | ATS dogs | edge>=3pt,650,0.5353846153846153,0.022097902097902137,0.5545625331661554,0.042696090189493933,-0.006709158000670877,0.03007380073800738,False
lean_qb | wk1-6 | ATS dogs | edge>=3pt,198,0.5353535353535354,0.022038567493113,0.7456249839667711,0.1526586620926244,-0.12845849802371537,0.038719030047443335,False
linear_qb | total>=48 | OU any | edge>=1.5pt,510,0.5352941176470588,0.021925133689839626,0.603634888418268,0.07951380096226897,-0.11499096929560498,0.03263046916183448,False
lean_qb | total>=48 | OU any | edge>=0.0pt,695,0.5352517985611511,0.02184434270765211,0.545794013839122,0.030173252871325718,0.004784688995215353,0.029573010015814444,False
linear | total>=48 | OU any | edge>=0.0pt,695,0.5352517985611511,0.02184434270765211,0.545794013839122,0.07514113295697882,-0.08732057416267938,0.029599367422245657,False
lean_qb | line>7 | OU any | edge>=3.0pt,228,0.5350877192982456,0.021531100478468953,0.7336549146600119,-0.017379679144384985,0.07905138339920953,0.0382445967316816,False
linear | total>=48 | ML dogs | edge>=0.00,113,0.4247787610619469,0.02149696992010572,0.8505165769348878,0.0653350817621902,-0.06502561924190316,0.043463363205060626,False
neural_qbfeat | all games | ML any | edge>=0.10,1016,0.5905511811023622,0.021437143836097135,0.47066221505788725,0.050788904030342454,-0.018563161916990662,0.026541908276225618,False
lean | wk1-6 | ATS dogs | edge>=1pt,443,0.5349887133182845,0.02134208906217939,0.6377210194932,0.07835678965386082,-0.045454545454545386,0.03408012651555087,False
neural_qbfeat | total>=48 | OU any | edge>=1.5pt,576,0.5347222222222222,0.020833333333333377,0.600048764520121,0.05681818181818186,-0.05583003952569166,0.0323405376910912,False
linear_qb | wk1-6 | OU any | edge>=3.0pt,432,0.5347222222222222,0.020833333333333374,0.6499109789089694,0.017655897821187126,0.02488038277511966,0.03468634686346864,False
neural_qbfeat | line 3-7 | ML any | edge>=0.10,409,0.6014669926650367,0.02082514007060096,0.6551583870071028,0.04413866182505675,-0.014359684172320064,0.0348972061149183,False
ensemble | line 3-7 | ATS any | edge>=3pt,245,0.5346938775510204,0.02077922077922083,0.7335025657576228,-0.012539184952978002,0.06909090909090913,0.0382182393252504,False
neural_qbfeat | wk7-13 | ATS any | edge>=3pt,346,0.5346820809248555,0.020756699947451433,0.6858219691236707,0.03218790778599396,0.0033178500331785426,0.03605693199789141,False
linear | wk1-6 | ML any | edge>=0.10,358,0.5642458100558659,0.020607853000095648,0.6930605349409039,0.055222247841246234,-0.03457451558724586,0.03624143384290986,False
linear | line<=3 | ATS any | edge>=1pt,709,0.5345557122708039,0.02051545069880758,0.5666604256156069,0.06951871657754015,-0.029183884297520623,0.030653663679493938,False
lean_qb | total>=48 | OU any | edge>=1.5pt,464,0.5344827586206896,0.020376175548589386,0.6454327347409625,0.03483432455395077,-0.012078830260648389,0.03434370057986294,False
ensemble | wk7-13 | ATS any | edge>=3pt,247,0.5344129554655871,0.020242914979757127,0.7391108767363399,0.07222914072229145,-0.054905490549054865,0.03848181338956247,False
elo | line>7 | OU under | edge>=0.0pt,247,0.5344129554655871,0.020242914979757116,0.7391108767363399,0.08145034156594856,-0.12285012285012278,0.038508170795993675,False
lean | total>=48 | OU under | edge>=0.0pt,582,0.5343642611683849,0.02014995313964391,0.6102258469091757,0.018841262364578473,0.022727272727272766,0.03284132841328413,False
lean_qb | line 3-7 | OU under | edge>=3.0pt,146,0.5342465753424658,0.019925280199252857,0.8014371132688267,0.10727272727272734,-0.16996047430830039,0.04140748550342646,False
linear_qb | line 3-7 | OU under | edge>=0.0pt,511,0.5342465753424658,0.019925280199252857,0.6367626007489107,0.0569361434413338,-0.02825552825552821,0.03397469688982604,False
neural_qbfeat | total>=48 | OU under | edge>=1.5pt,526,0.5342205323193916,0.019875561700656807,0.6326971943202511,0.054033290653009,-0.051036682615629936,0.03373748023194518,False
lean | wk1-6 | ATS away | edge>=1pt,307,0.5342019543973942,0.019840094758661584,0.7157810328531133,0.08293460925039876,-0.059491978609625636,0.037401159725882975,False
lean | line<=3 | ML dogs | edge>=0.05,285,0.45263157894736844,0.019835910713234615,0.7666216622509139,0.1542901085422532,-0.09781151238715666,0.039694254085398,False
neural_qbfeat | wk1-6 | OU over | edge>=3.0pt,176,0.5340909090909091,0.01962809917355376,0.7854403657551116,0.035049288061336295,0.00586510263929623,0.04064312071692146,False
lean_qb | line 3-7 | ATS dogs | edge>=3pt,176,0.5340909090909091,0.01962809917355376,0.7854403657551116,0.056818181818181844,-0.045454545454545414,0.04066947812335267,False
elo | line>7 | ATS home | edge>=3pt,88,0.5340909090909091,0.01962809917355376,0.8479990066929363,0.004784688995215353,0.04692082111436954,0.043384290985767,False
linear | total>=48 | ATS away | edge>=0pt,367,0.5340599455040872,0.01956898687143923,0.6944616633953414,0.050000000000000044,-0.05437553101104499,0.036294148655772275,False
ensemble | line<=3 | ATS dogs | edge>=3pt,191,0.5340314136125655,0.019514516896715902,0.7779035927056956,0.15433403805496834,-0.09090909090909088,0.040142329994728526,False
lean | all games | ML dogs | edge>=0.10,307,0.42671009771986973,0.01944598877707803,0.776602436343234,0.13012942296305405,-0.0919608665473684,0.04011597258829731,False
linear | line<=3 | ATS dogs | edge>=0pt,530,0.5339622641509434,0.019382504288164713,0.6399007564287027,0.12911213300318364,-0.08391608391608386,0.0341855561412757,False
linear | total>=48 | OU under | edge>=1.5pt,369,0.5338753387533876,0.019216555801921706,0.6989199771420816,0.05805038335158822,-0.06136363636363633,0.036531365313653134,False
neural_qbfeat | total<=44 | ATS dogs | edge>=0pt,770,0.5337662337662338,0.01900826446280996,0.5800959266361936,0.002652519893899249,0.034698126301179785,0.03147074327886137,False
elo | line>7 | OU under | edge>=1.5pt,163,0.5337423312883436,0.018962632459565018,0.8002605744862697,0.08865514650638623,-0.1818181818181818,0.04127569847127043,False
ensemble | line>7 | OU any | edge>=0.0pt,594,0.5336700336700336,0.018824609733700683,0.6304589746290128,0.030475206611570285,0.0018782870022539867,0.033658408012651554,False
elo | wk14+ | OU over | edge>=3.0pt,253,0.5335968379446641,0.018684872439813194,0.7557225297493478,-0.01710171017101706,0.042464114832535926,0.03940432261465472,False
lean | line 3-7 | ATS any | edge>=3pt,268,0.5335820895522388,0.018656716417910495,0.7491482747641941,0.019041769041769085,0.018181818181818226,0.038956246705324195,False
lean_qb | total<=44 | ML dogs | edge>=0.00,180,0.43333333333333335,0.018527874636319958,0.8344388742760461,0.15510303085567023,-0.09321543499769387,0.04272535582498682,False
ensemble | total>=48 | OU under | edge>=3.0pt,388,0.5335051546391752,0.018509840674789172,0.7024261907472608,0.035558537403555905,-0.020979020979020938,0.03661043753294676,False
ensemble | total<=44 | ATS any | edge>=3pt,388,0.5335051546391752,0.018509840674789172,0.7024261907472608,0.045682960255824634,-0.010101010101010059,0.036636794939377965,False
ensemble | total>=48 | OU any | edge>=3.0pt,390,0.5333333333333333,0.01818181818181822,0.7067390479967361,0.03496503496503502,-0.020979020979020938,0.036847654190827625,False
linear_qb | wk7-13 | ML any | edge>=0.10,323,0.6006191950464397,0.018154565590409733,0.7230984817818488,0.04134626092864167,-0.023792152934392404,0.03774380600948867,False
ensemble | all games | ML any | edge>=0.10,657,0.589041095890411,0.01787570956224949,0.6296808398037628,0.04110554614813922,-0.010281668117616863,0.03363205060622035,False
lean | wk1-6 | ATS any | edge>=3pt,287,0.5331010452961672,0.017738359201773878,0.7530226642997647,0.06209987195902693,-0.025705329153604975,0.03921982076963627,False
linear_qb | total<=44 | ATS away | edge>=3pt,212,0.5330188679245284,0.017581475128644983,0.7888595087269518,0.0030816640986132938,0.035783365570599655,0.040827622561939905,False
elo | wk1-6 | ATS away | edge>=1pt,304,0.5328947368421053,0.01734449760765554,0.7514790214498454,0.08417508417508422,-0.058898847631241945,0.03911439114391144,False
ensemble | wk7-13 | OU under | edge>=1.5pt,274,0.5328467153284672,0.017252820172528244,0.7649508353853962,0.054746358613761974,-0.05571847507331374,0.03961518186610438,False
lean_qb | line<=3 | ML dogs | edge>=0.05,274,0.45255474452554745,0.017144207196318803,0.8009796577558779,0.1323463394488706,-0.08839061325881604,0.04135477069056405,False
linear | total<=44 | ATS dogs | edge>=1pt,535,0.5327102803738317,0.01699235344095161,0.6803228614442397,0.025252525252525297,0.008576329331046349,0.03584607274644175,False
neural_qbfeat | total<=44 | ATS any | edge>=1pt,826,0.5326876513317191,0.01694915254237293,0.6094157000060301,-0.016233766233766194,0.04692082111436954,0.03278861360042172,False
linear | total>=48 | ATS away | edge>=1pt,291,0.5326460481099656,0.01686972820993444,0.7631695558489616,0.036363636363636404,-0.03367003367003363,0.03958882445967317,False
lean | line>7 | OU any | edge>=1.5pt,383,0.5326370757180157,0.01685259909802997,0.7296809041880097,-0.049773755656108566,0.10774410774410778,0.03798102266736953,False
lean | wk7-13 | ML dogs | edge>=0.05,121,0.4380165289256198,0.016659425235829837,0.8753185666730257,0.15112412634738534,-0.13941567426865425,0.044570374275171326,False
ensemble | wk14+ | OU over | edge>=1.5pt,323,0.5325077399380805,0.016605685336335545,0.754612572295523,-0.03120759837177742,0.05050505050505057,0.03929889298892989,False
elo | wk7-13 | ML favs | edge>=0.05,414,0.7415458937198067,0.01658599358786622,0.5883750231596233,0.007286116973913597,0.029038370748921405,0.031707959936742226,False
neural_qbfeat | line<=3 | ATS any | edge>=3pt,308,0.5324675324675324,0.01652892561983475,0.7613012430206948,0.07006369426751596,-0.03913305237808545,0.03950975224037955,False
lean | line 3-7 | OU under | edge>=0.0pt,432,0.5324074074074074,0.01641414141414146,0.7207088054671713,0.04961970300615723,-0.029633350075338974,0.03758566157090143,False
linear | total<=44 | ATS away | edge>=3pt,216,0.5324074074074074,0.016414141414141454,0.8007640720807607,-0.011961722488038236,0.04812834224598934,0.04130205587770164,False
linear | wk14+ | OU under | edge>=3.0pt,139,0.5323741007194245,0.016350555918901298,0.8404911019296162,0.06507177033492827,-0.08884297520661154,0.04312071692145493,False
linear_qb | line<=3 | ATS any | edge>=0pt,898,0.532293986636971,0.016197610852399312,0.6106798389090357,0.07147195788621181,-0.03907673618141319,0.032920400632577757,False
elo | wk14+ | ATS home | edge>=3pt,124,0.532258064516129,0.016129032258064568,0.8513515610099838,-0.11888111888111884,0.164869029275809,0.04348972061149183,False
ensemble | line>7 | ML any | edge>=0.05,310,0.8354838709677419,0.015924512476862194,0.5926357715623715,0.060767557642088715,-0.0531778849908639,0.03186610437532947,False
linear_qb | all games | ATS dogs | edge>=1pt,1120,0.5321428571428571,0.015909090909090953,0.576491975327352,0.04431461954972931,-0.021689928328932438,0.03128624143384291,False
linear | wk14+ | OU over | edge>=1.5pt,280,0.5321428571428571,0.015909090909090946,0.780478159304517,0.07486631016042787,-0.027667984189723275,0.04030047443331577,False
linear_qb | line>7 | OU any | edge>=0.0pt,594,0.531986531986532,0.015610651974288384,0.6899898961269351,0.01962809917355376,0.009767092411720569,0.036188719030047445,False
lean_qb | wk7-13 | OU any | edge>=3.0pt,297,0.531986531986532,0.01561065197428838,0.7781844981813235,0.038277511961722535,-0.01515151515151511,0.04019504480759094,False
linear | wk1-6 | OU any | edge>=3.0pt,391,0.5319693094629157,0.01557777261102073,0.7469088241820686,-0.03237858032378576,0.07663847780126855,0.03879810226673696,False
lean | total>=48 | OU under | edge>=1.5pt,438,0.5319634703196348,0.015566625155666296,0.7328102603088119,0.027484143763213568,-0.010617120106171166,0.038165524512387985,False
ensemble | wk7-13 | ATS home | edge>=3pt,141,0.5319148936170213,0.015473887814313395,0.8478640591210952,0.04767184035476723,-0.029275808936825846,0.043357933579335796,False
ensemble | wk7-13 | ML dogs | edge>=0.05,118,0.4322033898305085,0.015438265480011789,0.8872058215637474,0.05181845887668115,-0.030736595369607003,0.045176594623089095,False
linear | total>=48 | OU over | edge>=3.0pt,79,0.5316455696202531,0.01495972382048338,0.8900523902737028,0.10850439882697951,,0.04538745387453875,False
lean | line 3-7 | ATS home | edge>=3pt,158,0.5316455696202531,0.01495972382048335,0.844265738761926,-0.0783699059561128,0.12932138284250969,0.043199789140748554,False
neural_qbfeat | total>=48 | ATS away | edge>=1pt,269,0.5315985130111525,0.01486988847583647,0.7985072413575299,0.040347293156281966,-0.034965034965034926,0.04119662625197681,False
linear | total<=44 | ML any | edge>=0.05,768,0.62890625,0.014796655308826715,0.6372840645016062,0.036329844558357194,-0.005431492168004953,0.03400105429625725,False
neural_qbfeat | line>7 | OU over | edge>=0.0pt,333,0.5315315315315315,0.014742014742014788,0.7781463407696065,-0.0289017341040462,0.06193181818181822,0.040168687401159725,False
ensemble | wk1-6 | OU under | edge>=0.0pt,397,0.5314861460957179,0.014655369819097824,0.7596640349560916,-0.04162102957283676,0.10933660933660937,0.03948339483394834,False
lean_qb | all games | OU under | edge>=1.5pt,655,0.5312977099236641,0.014295628036086099,0.701288729777953,0.006784260515603842,0.026230686309737735,0.03658408012651555,False
linear_qb | total>=48 | ML dogs | edge>=0.10,97,0.422680412371134,0.014142170343293837,0.9082485424671631,-0.04790441327016796,0.15963071123003192,0.04625724828676858,False
neural_qbfeat | wk1-6 | ML any | edge>=0.05,609,0.6075533661740559,0.01408653683235391,0.6991447223573584,0.06570057514891446,-0.04986173858191409,0.03655772272008435,False
ensemble | total>=48 | ML any | edge>=0.10,149,0.5973154362416108,0.013751188881659226,0.8552302280328098,0.06355638894273327,-0.07386907048504521,0.043700579862941485,False
lean | total>=48 | OU any | edge>=0.0pt,695,0.5309352517985612,0.013603662524525878,0.7069134372422119,0.013821296476542773,0.013157894736842136,0.03687401159725883,False
linear | wk7-13 | ML any | edge>=0.00,904,0.6703539823008849,0.013572087854749034,0.5997704873092938,-0.0025988915993105694,0.03358567628799113,0.03231418028465999,False
ensemble | all games | ATS any | edge>=3pt,744,0.5309139784946236,0.013563049853372476,0.6980907511255187,0.0335267569310123,-0.012744265080713642,0.036505007907221936,False
linear | wk7-13 | ATS any | edge>=3pt,356,0.5308988764044944,0.013534218590398413,0.7891173649107511,0.03483432455395078,-0.01856594110115233,0.04085397996837112,False
linear_qb | line<=3 | ATS any | edge>=3pt,373,0.5308310991957105,0.01340482573726546,0.7862563221662711,0.07263355201499536,-0.050787201625190403,0.04072219293621508,False
neural_qbfeat | wk1-6 | ATS any | edge>=1pt,682,0.530791788856305,0.013329778725673194,0.7151418690571065,0.015799708313077348,0.010330578512396734,0.037348444913020556,False
neural_qbfeat | line<=3 | ML any | edge>=0.10,453,0.5033112582781457,0.01329459032318305,0.7847472858780822,0.0512006291404299,-0.03215585427807892,0.04061676331049025,False
linear_qb | total<=44 | ATS any | edge>=1pt,863,0.5307068366164542,0.013167597176867211,0.6850094429486662,0.04089797732829522,-0.011814177012414854,0.03597785977859779,False
linear_qb | wk1-6 | ATS away | edge>=3pt,228,0.5307017543859649,0.013157894736842148,0.8353558157945473,0.035211267605633846,-0.02325581395348833,0.04285714285714286,False
neural_qbfeat | total<=44 | OU under | edge>=0.0pt,147,0.5306122448979592,0.012987012987013042,0.8694046541729934,-0.10909090909090903,0.20574162679425842,0.04417501317870322,False
elo | wk7-13 | OU any | edge>=3.0pt,443,0.5304740406320542,0.012723168479376204,0.7790344300001055,0.049619703006157236,-0.0355113636363636,0.040221402214022144,False
neural_qbfeat | wk7-13 | ATS home | edge>=1pt,345,0.5304347826086957,0.012648221343873563,0.8056610719436994,-0.010471204188481638,0.04132231404958683,0.041591987348444916,False
lean | wk14+ | ATS home | edge>=3pt,115,0.5304347826086957,0.012648221343873561,0.8875358461697935,-0.16862170087976533,0.22469982847341347,0.045229309435951506,False
neural_qbfeat | all games | ATS away | edge>=3pt,494,0.5303643724696356,0.01251380198748624,0.7706992628802679,0.03727272727272732,-0.0257731958762886,0.039931470743278866,False
ensemble | line>7 | ATS any | edge>=3pt,264,0.5303030303030303,0.012396694214876096,0.833049241903675,-0.0005347593582887017,0.035783365570599655,0.042593568792830785,False
neural_qbfeat | total<=44 | ML any | edge>=0.00,1073,0.6561043802423113,0.01230360579697332,0.6202693828677014,0.054686045402555186,-0.0230513181817001,0.03323668950975225,False
lean | total>=48 | OU any | edge>=3.0pt,281,0.5302491103202847,0.012293756065998102,0.8292187974668913,0.02658662092624361,-0.03162055335968375,0.04240906694781234,False
ensemble | wk7-13 | ML any | edge>=0.05,502,0.6573705179282868,0.012008928495020528,0.7368082996497838,0.005051425275673415,0.02184309169928996,0.03832366895097523,False
elo | wk1-6 | ATS dogs | edge>=0pt,585,0.5299145299145299,0.011655011655011706,0.7676423226851314,0.08830341632889407,-0.0771553170077155,0.03979968371112283,False
linear_qb | wk1-6 | ML any | edge>=0.10,373,0.5710455764075067,0.011577267635981322,0.8154554300939082,0.013080526125881047,0.009017370932166556,0.041802846599894576,False
linear | wk14+ | OU any | edge>=1.5pt,519,0.5298651252408478,0.011560693641618545,0.7825511911837493,0.059826203208556195,-0.04158998895840997,0.04045861887190301,False
elo | wk1-6 | ATS away | edge>=3pt,134,0.5298507462686567,0.011533242876526502,0.8891946750865979,0.05427408412483044,-0.031207598371777435,0.04536109646810754,False
linear_qb | wk7-13 | ATS home | edge>=1pt,353,0.5297450424929179,0.011331444759206841,0.8235749837964327,0.03030303030303036,-0.010532150776053174,0.04219820769636268,False
lean | line 3-7 | ATS dogs | edge>=3pt,202,0.5297029702970297,0.011251125112511294,0.8672207167288428,0.017138599105812263,0.002272727272727304,0.0440959409594096,False
neural_qbfeat | total>=48 | ATS away | edge>=0pt,338,0.5295857988165681,0.011027434104357227,0.8318853020531506,0.03336113427856551,-0.029545454545454496,0.04251449657353717,False
lean_qb | line>7 | OU any | edge>=1.5pt,389,0.5295629820051414,0.01098387473708816,0.8204988516413276,-0.04135778384705421,0.08916083916083922,0.04196099103848182,False
linear | wk1-6 | OU under | edge>=0.0pt,389,0.5295629820051414,0.010983874737088152,0.8204988516413277,-0.036616161616161574,0.07041513399894907,0.041987348444913024,False
ensemble | all games | OU under | edge>=3.0pt,406,0.5295566502463054,0.010971786833855843,0.8168705138836052,0.03521126760563385,-0.045454545454545414,0.04182920400632578,False
ensemble | wk7-13 | ML favs | edge>=0.05,384,0.7265625,0.010955121817340896,0.7383129934815627,-0.008486400240407773,0.039369654055588954,0.038402741170268845,False
linear | line<=3 | ML any | edge>=0.00,933,0.5541264737406216,0.010872478943187349,0.7223632696560396,0.04432706342388444,-0.022225446854346662,0.03771744860305746,False
linear_qb | wk1-6 | OU over | edge>=3.0pt,255,0.5294117647058824,0.01069518716577545,0.8581746805290027,-0.011118378024852804,0.036833855799373115,0.043806009488666316,False
elo | total<=44 | ATS home | edge>=1pt,408,0.5294117647058824,0.010695187165775442,0.8209775550723832,0.03246753246753251,-0.009433962264150905,0.04201370585134423,False
linear | total<=44 | ATS home | edge>=1pt,461,0.5292841648590022,0.010451587458095109,0.8141273399219143,0.009090909090909146,0.011590003621876193,0.04175013178703216,False
neural_qbfeat | line 3-7 | ML any | edge>=0.05,671,0.639344262295082,0.0104130684676393,0.7489572112369085,0.026551198536739654,-0.009909021249005596,0.03890353189246178,False
linear | wk1-6 | ATS any | edge>=3pt,395,0.529113924050633,0.010126582278481058,0.8330458211073823,0.031721470019342404,-0.02159090909090904,0.04256721138639958,False
lean_qb | all games | OU under | edge>=0.0pt,1085,0.5290322580645161,0.00997067448680356,0.730545057318943,0.027742210840802434,-0.01549123522217688,0.038007380073800744,False
neural_qbfeat | wk14+ | OU over | edge>=1.5pt,293,0.5290102389078498,0.009928637914986084,0.8588152921193021,0.019260400616332864,0.003636363636363684,0.04383236689509753,False
lean_qb | line<=3 | OU under | edge>=3.0pt,138,0.5289855072463768,0.009881422924901235,0.9035751975345228,-0.07692307692307689,0.17794970986460354,0.04602003162888772,False
linear_qb | all games | OU under | edge>=0.0pt,1208,0.5289735099337748,0.009858518964479274,0.7193457437020944,0.029013539651837568,-0.01698897523947221,0.03753294675803901,False
elo | total<=44 | ML any | edge>=0.05,677,0.6366322008862629,0.009835543718288582,0.7660984493871118,0.09839090343716106,-0.07048790932249151,0.039667896678966794,False
linear_qb | all games | ATS dogs | edge>=3pt,641,0.5288611544461779,0.009644022124521387,0.7980165727929127,0.022190408017179714,-0.008741258741258699,0.04114391143911439,False
lean | all games | ML dogs | edge>=0.00,375,0.432,0.009637652257591754,0.8739043481761894,0.12663124267894388,-0.11051792709406717,0.04451765946230891,False
lean | line>7 | OU any | edge>=3.0pt,208,0.5288461538461539,0.009615384615384654,0.8847172986182122,0.03409090909090914,-0.023760330578512356,0.045071164997364264,False
neural_qbfeat | line 3-7 | ML any | edge>=0.00,985,0.6629441624365482,0.009512167520557446,0.7035941756639833,0.020497726661811443,-0.0033891955327474393,0.03668950975224038,False
lean | total>=48 | OU any | edge>=1.5pt,469,0.5287846481876333,0.009497964721845366,0.8293822768118221,0.024818739542665964,-0.0254291163382072,0.04243542435424355,False
lean_qb | wk1-6 | ATS any | edge>=3pt,261,0.5287356321839081,0.009404388714733591,0.8736937468073905,0.11363636363636369,-0.0972515856236786,0.0444913020558777,False
linear_qb | total<=44 | ATS any | edge>=0pt,1044,0.5287356321839081,0.009404388714733588,0.7500108899860223,0.030748663101604325,-0.008482714468629917,0.039061676331049025,False
elo | line>7 | ATS home | edge>=1pt,174,0.5287356321839081,0.009404388714733584,0.8968752854540538,0.03795233892321275,-0.03201024327784887,0.04570374275171324,False
lean | wk7-13 | ATS any | edge>=3pt,227,0.5286343612334802,0.009211053263916743,0.8845996568595927,0.11608391608391616,-0.134020618556701,0.045018450184501846,False
ensemble | total>=48 | OU under | edge>=0.0pt,664,0.5286144578313253,0.009173055859802897,0.804328256789491,0.006611570247933931,0.014204545454545485,0.041539272535582504,False
neural_qbfeat | all games | OU under | edge>=1.5pt,840,0.5285714285714286,0.009090909090909134,0.782375440235887,0.04036697247706427,-0.048690292758089324,0.0404322614654718,False
linear | wk1-6 | OU under | edge>=1.5pt,280,0.5285714285714286,0.009090909090909134,0.8735168132340851,-0.027886224205242564,0.06060606060606064,0.04443858724301529,False
linear | wk1-6 | OU any | edge>=1.5pt,613,0.5285481239804242,0.009046418508082498,0.8144145105292815,-0.005917159763313568,0.02743801652892566,0.04177648919346336,False
lean_qb | wk1-6 | ML any | edge>=0.05,485,0.6309278350515464,0.009020426242685458,0.8126782557149448,0.08241533446823654,-0.06841742184274768,0.04167105956773853,False
linear | wk1-6 | OU over | edge>=1.5pt,333,0.5285285285285285,0.00900900900900906,0.8633464732960757,0.014545454545454604,0.002876869965477603,0.044016868740115976,False
lean | total<=44 | ATS dogs | edge>=3pt,316,0.5284810126582279,0.00891829689298048,0.8681918280751816,-0.009659090909090862,0.027972027972028017,0.044122298365840806,False
neural_qbfeat | line>7 | OU any | edge>=1.5pt,422,0.5284360189573459,0.008832399827660537,0.8492728483449014,-0.004598514326140716,0.029752066115702525,0.043410648392198214,False
elo | wk1-6 | ATS dogs | edge>=3pt,229,0.5283842794759825,0.00873362445414853,0.8900640225938466,0.04843517138599112,-0.03653355989804584,0.045413811280969954,False
linear | wk1-6 | ATS any | edge>=0pt,850,0.528235294117647,0.008449197860962609,0.7962187728648942,0.02765068629401238,-0.013879250520471856,0.04106483921982077,False
linear_qb | wk7-13 | ML dogs | edge>=0.00,150,0.4266666666666667,0.008374492905797195,0.9315459241181032,0.09318923915398557,-0.10253709834183375,0.047390616763310495,False
neural_qbfeat | wk14+ | OU any | edge>=1.5pt,532,0.5281954887218046,0.008373205741626845,0.8396365698643454,0.06705841686830287,-0.04900304156809728,0.04304164470216131,False
neural_qbfeat | all games | ATS dogs | edge>=1pt,1473,0.528173794976239,0.008331790409183536,0.7373576963828821,0.00022308979364198754,0.018375241779497144,0.038376383763837646,False
lean | line 3-7 | ATS dogs | edge>=1pt,462,0.5281385281385281,0.008264462809917397,0.852377348299372,0.01486988847583648,-0.0009420631182288836,0.043568792830785456,False
neural_qbfeat | line>7 | ATS dogs | edge>=3pt,320,0.528125,0.008238636363636415,0.8773934134820296,0.004784688995215362,0.014742014742014784,0.04470216130732736,False
linear | line>7 | OU any | edge>=1.5pt,409,0.5281173594132029,0.008224049788842008,0.8617131286536184,0.020242914979757127,-0.010101010101010059,0.04393779652082236,False
neural_qbfeat | line>7 | ATS dogs | edge>=0pt,498,0.5281124497991968,0.008214676889375728,0.8476965368705296,-0.03281155930162548,0.07142857142857148,0.04333157617290459,False
neural_qbfeat | wk7-13 | ML any | edge>=0.10,348,0.5919540229885057,0.008133686528127735,0.8708639289899971,0.05865656168366667,-0.06344038660888575,0.04435951502372167,False
ensemble | total>=48 | OU any | edge>=0.0pt,695,0.5280575539568345,0.008109875735775068,0.822689123302707,0.005645318279151302,0.013157894736842151,0.04217185028993148,False
neural_qbfeat | total>=48 | OU under | edge>=0.0pt,606,0.528052805280528,0.00810081008100815,0.8344630558414742,0.010695187165775449,0.002754820936639161,0.04275171323141803,False
lean | wk1-6 | ATS dogs | edge>=0pt,553,0.5280289330922242,0.008055235903337211,0.8426647231920662,0.10090909090909095,-0.10204814947897947,0.04314707432788614,False
linear | wk14+ | ATS dogs | edge>=3pt,197,0.5279187817258884,0.007844946931241398,0.9083736536211832,-0.07727272727272722,0.1404958677685951,0.046283605693199795,False
ensemble | total>=48 | ML any | edge>=0.05,354,0.6497175141242938,0.007734386798307279,0.855845270532554,0.00697713516285049,0.009414108607865977,0.043753294675803904,False
lean_qb | line<=3 | ML dogs | edge>=0.10,217,0.4423963133640553,0.00767940735744903,0.9208805382747176,0.1046766415348396,-0.07995844457475472,0.046889826041117556,False
ensemble | line<=3 | ATS any | edge>=3pt,235,0.5276595744680851,0.007350096711798875,0.9061929888544794,0.14898989898989903,-0.11309949892627053,0.04620453347390617,False
neural_qbfeat | line 3-7 | OU over | edge>=3.0pt,199,0.5276381909547738,0.007309273640931975,0.9141737919613744,0.029622063329928543,-0.01074380165289252,0.04644175013178703,False
lean | total<=44 | ATS any | edge>=3pt,398,0.5276381909547738,0.007309273640931975,0.878629742247291,0.01547388781431339,3.3835368369528583e-17,0.04472851871375857,False
linear_qb | line<=3 | OU under | edge>=0.0pt,436,0.5275229357798165,0.007089241034195207,0.8767877108816446,-0.029806259314455998,0.05397727272727277,0.04464944649446495,False
lean | line 3-7 | ATS away | edge>=0pt,436,0.5275229357798165,0.007089241034195201,0.8767877108816448,0.07134637514384358,-0.0694380995888533,0.04467580390089615,False
linear_qb | all games | ML any | edge>=0.10,982,0.5865580448065173,0.007061867328961072,0.8127118858963687,0.002430408297611922,0.014494314846112882,0.041697416974169746,False
lean_qb | line 3-7 | OU any | edge>=0.0pt,982,0.5274949083503055,0.007035734123310548,0.8172005708242984,0.0390344119157679,-0.03063898407579113,0.04185556141275699,False
lean | all games | ML dogs | edge>=0.05,364,0.42857142857142855,0.006968807876058761,0.9103442927137132,0.12563217588157746,-0.113005757565985,0.04638903531892462,False
lean_qb | line<=3 | OU under | edge>=0.0pt,438,0.5273972602739726,0.006849315068493191,0.8806558718708134,-0.03763040238450071,0.06279287722586696,0.04480759093305219,False
lean | all games | OU under | edge>=3.0pt,330,0.5272727272727272,0.006611570247933935,0.8999505066525704,-0.003952569169960432,0.030909090909090952,0.04586188719030048,False
elo | wk14+ | ATS home | edge>=1pt,275,0.5272727272727272,0.00661157024793393,0.9086692193943814,-0.07312252964426874,0.08692767086927677,0.046309963099631,False
neural_qbfeat | line 3-7 | ATS away | edge>=1pt,349,0.5272206303724928,0.006512112529304559,0.8986533054492732,-0.010833725859632536,0.027972027972028017,0.04583552978386927,False
linear | wk14+ | OU under | edge>=1.5pt,239,0.5271966527196653,0.006466337010270108,0.9167312890098265,0.04812834224598935,-0.06765327695560247,0.04659989457037428,False
neural_qbfeat | wk14+ | OU under | edge>=1.5pt,239,0.5271966527196653,0.0064663370102701,0.9167312890098266,0.10595611285266462,-0.14700193423597674,0.046626251976805484,False
lean | wk7-13 | ML dogs | edge>=0.10,97,0.422680412371134,0.006338487322523751,0.9582821388152305,0.13389739028834588,-0.147312009431762,0.048286768581971534,False
linear | all games | ML any | edge>=0.10,967,0.578076525336091,0.006310651955843387,0.8371283546563699,0.01862490225364661,-0.011830033904859079,0.04290985767000527,False
ensemble | total<=44 | ATS dogs | edge>=1pt,628,0.5270700636942676,0.0062246670526925705,0.8701558436287804,-0.015624999999999953,0.028925619834710786,0.04420137058513443,False
lean_qb | line 3-7 | ATS dogs | edge>=0pt,573,0.5270506108202443,0.0061875297477392175,0.8766723519459938,0.05289256198347112,-0.0572390572390572,0.04462308908803374,False
lean | wk7-13 | OU under | edge>=0.0pt,389,0.5269922879177378,0.006076186024772197,0.9001377651781967,0.06709011512504967,-0.08124999999999996,0.04591460200316289,False
neural_qbfeat | line>7 | ATS any | edge>=3pt,334,0.5269461077844312,0.005988023952095851,0.908798634625783,0.012262156448202994,-0.005347593582887659,0.046336320506062206,False
lean_qb | wk14+ | ML any | edge>=0.05,396,0.6641414141414141,0.005771417591766811,0.8853879879057116,-0.016127782077829018,0.029756255325133662,0.04509752240379547,False
neural_qbfeat | total<=44 | ATS any | edge>=0pt,1044,0.5268199233716475,0.005747126436781652,0.8456460691272859,-0.01737967914438499,0.02512804097311144,0.043252503953610966,False
elo | wk1-6 | ATS dogs | edge>=1pt,467,0.5267665952890792,0.005645318279151294,0.8983211478608891,0.08541055718475078,-0.08468244084682439,0.045782814971006856,False
neural_qbfeat | all games | OU any | edge>=3.0pt,1069,0.5266604303086997,0.005442639680244963,0.8520079500138755,0.024081878386514197,-0.018768328445747755,0.043542435424354244,False
ensemble | total<=44 | ATS dogs | edge>=3pt,338,0.5266272189349113,0.00537923614846696,0.9175491870245192,0.03365143144148673,-0.0272148233931673,0.04665260938323669,False
vegas | total>=48 | OU any | edge>=0.0pt,695,0.5266187050359712,0.005362982341399662,0.8822124727346442,0.0015573291804555612,0.013157894736842151,0.04493937796520822,False
elo | total>=48 | OU any | edge>=0.0pt,695,0.5266187050359712,0.005362982341399662,0.8822124727346442,0.0015573291804555612,0.013157894736842151,0.04491302055877702,False
vegas | total>=48 | OU under | edge>=0.0pt,695,0.5266187050359712,0.005362982341399662,0.8822124727346442,0.0015573291804555612,0.013157894736842151,0.044860305745914604,False
elo | total>=48 | OU under | edge>=0.0pt,695,0.5266187050359712,0.005362982341399662,0.8822124727346442,0.0015573291804555612,0.013157894736842151,0.04488666315234581,False
neural_qbfeat | total>=48 | ML any | edge>=0.00,702,0.6595441595441596,0.005232626022760349,0.8592609082279404,-0.0037918145550140457,0.023752347556279987,0.043858724301528734,False
neural_qbfeat | wk14+ | ATS dogs | edge>=3pt,247,0.5263157894736842,0.004784688995215353,0.9373132941586653,-0.03887147335423193,0.0668449197860963,0.04760147601476015,False
lean_qb | line 3-7 | OU any | edge>=3.0pt,342,0.5263157894736842,0.004784688995215348,0.9262036360883281,0.03691739732348874,-0.038871473354231925,0.047074327886136004,False
linear_qb | line 3-7 | ML dogs | edge>=0.05,118,0.3644067796610169,0.004708888768850653,0.9697706375369731,-0.06069762069824616,0.1731802010325849,0.048708487084870855,False
linear_qb | line 3-7 | ML dogs | edge>=0.10,118,0.3644067796610169,0.004708888768850653,0.9697706375369731,-0.06069762069824616,0.1731802010325849,0.048734844491302054,False
linear_qb | line 3-7 | ML dogs | edge>=0.00,118,0.3644067796610169,0.004708888768850653,0.9697706375369731,-0.06069762069824616,0.1731802010325849,0.04868212967843964,False
lean_qb | wk14+ | ML any | edge>=0.10,183,0.6065573770491803,0.004635017054013226,0.9459584863855901,-0.032728092298075634,0.041592005652275034,0.04789140748550343,False
neural_qbfeat | total>=48 | ML any | edge>=0.10,282,0.5921985815602837,0.004608165016165445,0.932738512147406,0.006215351906882165,9.066672874545787e-05,0.047443331576172906,False
lean | line>7 | ATS dogs | edge>=0pt,439,0.5261958997722096,0.004555808656036479,0.9203712991037739,-0.03504132231404955,0.07095343680709539,0.04686346863468635,False
linear_qb | wk1-6 | OU any | edge>=0.0pt,859,0.5261932479627474,0.004550746110699597,0.8888205072390764,0.019013666072489638,-0.012045454545454502,0.04528202424881392,False
elo | line<=3 | ATS away | edge>=0pt,382,0.5261780104712042,0.0045216563541171295,0.9262787336164725,0.055865921787709535,-0.040752351097178646,0.04710068529256722,False
linear | wk1-6 | ATS any | edge>=1pt,688,0.5261627906976745,0.004492600422833028,0.9017229958195639,0.04132231404958683,-0.04230423042304226,0.04599367422245651,False
neural_qbfeat | line 3-7 | OU under | edge>=1.5pt,344,0.5261627906976745,0.004492600422833026,0.9304952753069398,0.057618437900128085,-0.08188757807078414,0.04731154454401687,False
lean | wk7-13 | ATS dogs | edge>=3pt,192,0.5260416666666666,0.0042613636363636785,0.9508014303308056,0.07603305785123973,-0.09201773835920175,0.04799683711122826,False
linear_qb | all games | OU under | edge>=3.0pt,538,0.5260223048327137,0.004224400135180858,0.9182442703011044,0.04278074866310164,-0.07182320441988946,0.04675803900896152,False
lean | wk1-6 | OU under | edge>=0.0pt,405,0.5259259259259259,0.004040404040404085,0.9321502252118677,-0.10342289289657705,0.17203682393555816,0.0474169741697417,False
linear | total<=44 | ATS dogs | edge>=0pt,618,0.5258899676375405,0.003971756398940907,0.9176052236742999,0.01776038531005423,-0.009205983889528152,0.0466789667896679,False
ensemble | line>7 | OU under | edge>=0.0pt,232,0.5258620689655172,0.003918495297805685,0.950238116055312,0.08417508417508422,-0.18181818181818177,0.04797047970479705,False
lean_qb | wk14+ | ATS any | edge>=3pt,213,0.5258215962441315,0.0038412291933419117,0.9532696433487424,0.005681818181818217,0.0018001800180018426,0.048102266736953087,False
elo | total>=48 | OU any | edge>=3.0pt,525,0.5257142857142857,0.003636363636363687,0.9304508822271057,0.0017482517482517881,0.007905138339920974,0.047232472324723246,False
elo | total>=48 | OU under | edge>=3.0pt,525,0.5257142857142857,0.003636363636363687,0.9304508822271057,0.0017482517482517881,0.007905138339920974,0.047285187137585664,False
elo | all games | OU under | edge>=3.0pt,525,0.5257142857142857,0.003636363636363687,0.9304508822271057,0.0017482517482517881,0.007905138339920974,0.04725882973115446,False
neural_qbfeat | wk7-13 | ML any | edge>=0.00,904,0.6637168141592921,0.003492172911851678,0.8931668745241128,0.013028677801836055,-0.008310432150010162,0.04549288350026358,False
ensemble | line>7 | ML favs | edge>=0.10,111,0.8468468468468469,0.0034249270966254367,0.9339718347543229,0.03756306142247001,-0.04481374097250278,0.04749604638903532,False
linear | total<=44 | ML any | edge>=0.00,1073,0.6505125815470643,0.003209726893767103,0.8972543437127588,0.022817693550006003,-0.013147004265625357,0.04575645756457565,False
linear_qb | line 3-7 | OU any | edge>=0.0pt,982,0.5254582484725051,0.003147565265691584,0.9176561083299756,0.01746276322547514,-0.013706913928643382,0.0467053241960991,False
linear_qb | all games | ATS dogs | edge>=0pt,1376,0.5254360465116279,0.00310517970401696,0.9038809233954918,0.03765891100983455,-0.03927625772285963,0.046072746441750134,False
lean | wk14+ | ATS home | edge>=0pt,375,0.5253333333333333,0.002909090909090959,0.9529725208615282,-0.06127574083375182,0.06279287722586697,0.04807590933052188,False
linear_qb | all games | OU any | edge>=3.0pt,1186,0.5252951096121417,0.002836118350452288,0.9184483826648612,0.009247199791612445,-0.0063338301043218605,0.046784396415392726,False
ensemble | line 3-7 | ATS away | edge>=0pt,436,0.5252293577981652,0.002710592160133485,0.9527391890202641,0.07386363636363642,-0.08441558441558437,0.048049551924090675,False
ensemble | total>=48 | ATS away | edge>=0pt,337,0.5252225519287834,0.002697599136768316,0.9586642931794895,0.03901850362027357,-0.0712530712530712,0.04836584080126516,False
linear_qb | total>=48 | ATS away | edge>=0pt,377,0.5251989389920424,0.0026525198938992514,0.9570019962727968,0.041322314049586806,-0.08769106999195489,0.04820769636267791,False
lean_qb | line<=3 | ML dogs | edge>=0.00,284,0.4471830985915493,0.0026316022732610724,0.9684653193238442,0.11069951612673984,-0.1009645358345565,0.048655772272008437,False
linear | all games | ATS away | edge>=3pt,520,0.525,0.002272727272727329,0.956709267357555,0.020170454545454596,-0.026363636363636322,0.0481549815498155,False
lean_qb | total<=44 | ATS any | edge>=3pt,360,0.525,0.0022727272727273177,0.9639976341250507,0.03134796238244519,-0.02492668621700875,0.048550342646283606,False
lean_qb | total>=48 | OU over | edge>=0.0pt,120,0.525,0.002272727272727315,0.9792963905707912,0.03134796238244519,-0.07438016528925616,0.04897206114918293,False
neural_qbfeat | total<=44 | ML favs | edge>=0.10,250,0.708,0.0022380475586217656,0.9576102184664905,0.019972537329919122,-0.013362969758985689,0.04823405376910912,False
neural_qbfeat | line 3-7 | ATS dogs | edge>=1pt,562,0.5249110320284698,0.002102879327078656,0.9583526383557078,-0.024376254660166286,0.03636363636363641,0.04831312598840274,False
linear_qb | line<=3 | ML any | edge>=0.05,686,0.5262390670553936,0.001982984605354005,0.9577628746577839,0.059380354513621454,-0.058507656735095545,0.04826041117554033,False
lean | wk1-6 | ATS away | edge>=3pt,141,0.524822695035461,0.0019342359767892106,0.980882317231886,0.04607721046077215,-0.04545454545454543,0.048998418555614126,False
linear_qb | wk1-6 | ATS any | edge>=1pt,686,0.5247813411078717,0.0018552875695733236,0.9593942508748735,0.033678756476683974,-0.039090909090909044,0.048392198207696364,False
elo | total>=48 | OU under | edge>=1.5pt,688,0.5247093023255814,0.0017177589852008957,0.96234736885242,-0.001971997633602799,0.009211053263916727,0.04847127042698998,False
elo | total>=48 | OU any | edge>=1.5pt,688,0.5247093023255814,0.0017177589852008957,0.96234736885242,-0.001971997633602799,0.009211053263916727,0.04844491302055878,False
linear_qb | all games | OU over | edge>=3.0pt,648,0.5246913580246914,0.001683501683501726,0.9641882706813465,-0.025859770727805872,0.032277169084986713,0.04857670005271481,False
linear | line 3-7 | OU over | edge>=3.0pt,225,0.5244444444444445,0.0012121212121212544,0.9848357089035481,0.008869179600886961,-0.008021390374331508,0.049209277807063787,False
elo | wk1-6 | ML any | edge>=0.10,267,0.5767790262172284,0.0011605336786282823,0.9843976824921843,0.09991472578866807,-0.10136290240507716,0.049156562994201375,False
lean_qb | wk14+ | OU under | edge>=0.0pt,288,0.5243055555555556,0.0009469696969697486,0.9865867091032288,0.07095343680709539,-0.09164222873900288,0.049235635213495,False
ensemble | wk1-6 | ATS any | edge>=1pt,618,0.5242718446601942,0.0008826125330980123,0.9816619089256969,0.05609284332688593,-0.06196917269581626,0.049051133368476545,False
lean_qb | line<=3 | ML any | edge>=0.05,544,0.5275735294117647,0.0008111387376217076,0.9845547595007833,0.045456309127248455,-0.0422222926487694,0.04918292040063258,False
lean | wk1-6 | OU under | edge>=1.5pt,248,0.5241935483870968,0.0007331378299120873,0.9903675585650892,-0.10987172336865582,0.21283422459893056,0.04936742224565103,False
linear_qb | line<=3 | ML any | edge>=0.00,933,0.5466237942122186,0.000688169023305481,0.9821389262728164,0.022565277053353847,-0.020955707577851115,0.04907749077490775,False
neural_qbfeat | line<=3 | ATS dogs | edge>=0pt,559,0.5241502683363148,0.0006505122784192991,0.9871468428467586,0.06373700100637375,-0.05871212121212117,0.04928835002635741,False
linear | line>7 | OU over | edge>=0.0pt,332,0.5240963855421686,0.000547645125958432,0.9916684530337279,-0.050787201625190403,0.060606060606060656,0.04942013705851345,False
linear | line 3-7 | OU under | edge>=1.5pt,353,0.5240793201133145,0.0005150656708730861,0.9919189892398347,0.03145196036191302,-0.045454545454545386,0.04944649446494465,False
neural_qbfeat | line<=3 | ATS home | edge>=3pt,187,0.5240641711229946,0.00048614487117165146,0.9944590790747483,0.03960396039603964,-0.045454545454545414,0.04957828149710069,False
linear_qb | line 3-7 | OU over | edge>=3.0pt,229,0.5240174672489083,0.0003969829297340676,0.9949892210289955,-0.029545454545454482,0.03336113427856551,0.049604638903531895,False
linear_qb | line 3-7 | ATS away | edge>=0pt,481,0.5239085239085239,0.00018900018900023315,0.9965366545603077,0.016798418972332054,-0.022172949002217255,0.04978914074855034,False
elo | total<=44 | ATS home | edge>=0pt,523,0.5239005736137667,0.00017382235355471113,0.996678212780767,-0.001521491061239973,0.001600512163892488,0.049815498154981555,False
lean | total>=48 | OU under | edge>=3.0pt,273,0.5238095238095238,4.229421046191072e-17,0.9999999999999994,0.010695187165775439,-0.03162055335968375,0.049920927780706385,False
linear | line>7 | OU over | edge>=3.0pt,147,0.5238095238095238,4.229421046191072e-17,0.9999999999999996,-0.0454545454545454,0.05427408412483044,0.04994728518713759,False
linear | line 3-7 | ATS away | edge>=3pt,189,0.5238095238095238,4.229421046191072e-17,0.9999999999999996,0.024390243902439067,-0.045454545454545414,0.0499736425935688,False
lean_qb | total>=48 | ATS away | edge>=3pt,84,0.5238095238095238,4.229421046191072e-17,0.9999999999999997,0.09595959595959601,-0.1727272727272727,0.05,False
linear | all games | ATS away | edge>=1pt,966,0.5238095238095238,3.953589238830785e-17,0.999999999999999,0.01727757145163899,-0.02413715316941119,0.04989457037427517,False
linear_qb | total>=48 | OU any | edge>=0.0pt,695,0.5237410071942447,-0.00013080444735117275,0.9971174395714076,0.05878917656219588,-0.12081339712918657,0.04986821296784397,False
lean | all games | ATS dogs | edge>=3pt,611,0.5237315875613748,-0.00014878738282989373,0.9969261325634964,0.016310160427807533,-0.02079838980207979,0.04984185556141276,False
linear_qb | line 3-7 | OU any | edge>=3.0pt,464,0.5237068965517241,-0.00019592476489023984,0.9964740506417273,0.012293756065998102,-0.01937406855439639,0.04976278334211914,False
ensemble | line<=3 | OU under | edge>=0.0pt,422,0.523696682464455,-0.0002154243860404638,0.9963033511734822,-0.04168163851958315,0.06186121570736959,0.04973642593568793,False
linear | line 3-7 | ATS away | edge>=1pt,380,0.5236842105263158,-0.0002392344497607069,0.9961051894214885,0.013157894736842151,-0.020334928229665025,0.049710068529256725,False
linear | wk14+ | OU over | edge>=0.0pt,380,0.5236842105263158,-0.0002392344497607256,0.9961051894214882,0.0036363636363636685,-0.0035476718403547164,0.04968371112282552,False
ensemble | all games | ATS away | edge>=3pt,359,0.5236768802228412,-0.0002532286654848906,0.9959933612267252,0.03218790778599396,-0.0454545454545454,0.04965735371639431,False
elo | wk7-13 | ML any | edge>=0.05,549,0.6593806921675774,-0.0002937937682214318,0.9930390754534131,-0.0030231459557954242,0.003272712661759685,0.04952556668423827,False
lean_qb | line>7 | ATS home | edge>=0pt,254,0.5236220472440944,-0.0003579098067286516,0.9952408347205176,-0.05928853754940708,0.0697492163009405,0.0496309963099631,False
linear_qb | wk7-13 | ATS away | edge>=0pt,424,0.5235849056603774,-0.00042881646655227126,0.9926242550309817,0.05381818181818187,-0.0783699059561128,0.04947285187137586,False
ensemble | total>=48 | OU any | edge>=1.5pt,594,0.5235690235690236,-0.0004591368227731486,0.9906480345353816,0.006784260515603842,-0.015624999999999964,0.04939377965208224,False
neural_qbfeat | wk1-6 | ATS any | edge>=0pt,850,0.5235294117647059,-0.0005347593582887289,0.9869656354660208,0.01511836085140247,-0.018736988202637014,0.0492619926199262,False
linear_qb | total>=48 | OU over | edge>=1.5pt,149,0.5234899328859061,-0.0006101281269066081,0.9937993512160416,0.07692307692307698,-0.28409090909090906,0.04955192409066948,False
ensemble | total>=48 | ML favs | edge>=0.05,280,0.7035714285714286,-0.000639362757940633,0.9872231976511839,-0.013589924889644155,0.030631506779587387,0.04931470743278862,False
vegas | wk7-13 | OU any | edge>=0.0pt,896,0.5234375,-0.0007102272727272334,0.9822265117087273,0.02382697947214081,-0.031136363636363597,0.04913020558777017,False
vegas | wk7-13 | OU under | edge>=0.0pt,896,0.5234375,-0.0007102272727272334,0.9822265117087273,0.02382697947214081,-0.031136363636363597,0.049103848181338956,False
linear_qb | line 3-7 | OU under | edge>=3.0pt,235,0.5234042553191489,-0.0007736943907156288,0.9901071383348536,0.04347826086956527,-0.09705159705159701,0.04934106483921982,False
elo | line 3-7 | ATS away | edge>=3pt,107,0.5233644859813084,-0.0008496176720475363,0.9926976241118293,0.08620689655172417,-0.10389610389610386,0.04949920927780707,False
lean | wk7-13 | ML any | edge>=0.05,494,0.6497975708502024,-0.0010195583460444056,0.9774556730901561,0.028212554884068437,-0.03683548086221869,0.04891934633632051,False
neural_qbfeat | wk1-6 | ML any | edge>=0.00,858,0.6293706293706294,-0.0010760933414329188,0.9700809272883899,0.02641633764792846,-0.032407866314346015,0.04878755930416447,False
neural_qbfeat | total>=48 | ATS any | edge>=3pt,260,0.5230769230769231,-0.0013986013986013563,0.9811855877980946,0.009519276534983384,-0.03162055335968375,0.04902477596204534,False
lean_qb | line>7 | OU over | edge>=0.0pt,390,0.5230769230769231,-0.0013986013986013563,0.9769359577985601,-0.07196969696969695,0.08620689655172421,0.0488929889298893,False
ensemble | total>=48 | OU under | edge>=1.5pt,585,0.5230769230769231,-0.0013986013986013563,0.971736243638907,0.00784494693124139,-0.02046644455021413,0.04881391671059568,False
lean | all games | ATS home | edge>=3pt,390,0.5230769230769231,-0.0013986013986013587,0.9769359577985601,-0.022172949002217255,0.021621621621621664,0.0488666315234581,False
ensemble | wk1-6 | ML any | edge>=0.05,500,0.618,-0.0017571715181816075,0.9636932185463984,0.09953619978992742,-0.12456417921031375,0.0485239852398524,False
linear | wk7-13 | ML favs | edge>=0.00,754,0.713527851458886,-0.0018171803052953967,0.9392067114179138,-0.03047494659332438,0.03326533594701147,0.04765419082762257,False
lean_qb | line>7 | ATS any | edge>=3pt,197,0.5228426395939086,-0.0018458698661743924,0.978406706942394,-0.013636363636363603,0.016528925619834753,0.048945703742751714,False
lean | all games | ATS any | edge>=3pt,746,0.5227882037533512,-0.0019497928345112957,0.9555071599776419,0.0239234449760766,-0.031700288184438,0.04812862414338429,False
neural_qbfeat | line<=3 | OU under | edge>=1.5pt,310,0.5225806451612903,-0.0023460410557184356,0.9655321291693447,-0.011536686663590175,0.013676588897827895,0.048603057459146025,False
lean | all games | ATS away | edge>=3pt,356,0.5224719101123596,-0.00255362614913171,0.9597872837143574,0.07263355201499534,-0.09259259259259255,0.04841855561412757,False
lean_qb | line 3-7 | OU under | edge>=1.5pt,268,0.5223880597014925,-0.0027137042062414644,0.9629461222067384,0.04132231404958684,-0.07325684024713146,0.048497627833421195,False
linear_qb | wk1-6 | OU any | edge>=1.5pt,626,0.5223642172523961,-0.0027592216090618267,0.9423562857259871,0.010366826156299875,-0.018565941101152325,0.04770690564048498,False
linear | total<=44 | ATS home | edge>=0pt,559,0.5223613595706619,-0.0027646771832817952,0.9454235654979756,0.026136363636363676,-0.024508406953547977,0.04786505007907222,False
ensemble | line>7 | ATS dogs | edge>=0pt,492,0.5223577235772358,-0.002771618625277118,0.9486748305384765,-0.03289473684210522,0.04593810444874281,0.047944122298365845,False
neural_qbfeat | total>=48 | OU any | edge>=0.0pt,695,0.5223021582733813,-0.002877697841726573,0.9366587753056412,0.0056453182791513,-0.020334928229665036,0.04757511860832894,False
linear | wk1-6 | OU under | edge>=3.0pt,157,0.5222929936305732,-0.0028951939779964836,0.9697994542163431,-0.025568181818181778,0.03278688524590168,0.04876120189773327,False
linear | line<=3 | ATS any | edge>=0pt,898,0.522271714922049,-0.002935816966997333,0.9265548453256994,0.058716339339947396,-0.06458797327394206,0.04712704269899842,False
lean_qb | total<=44 | ATS dogs | edge>=0pt,674,0.5222551928783383,-0.002967359050445059,0.9356841223069216,-0.0056818181818181395,-0.0002689618074232983,0.047548761201897737,False
ensemble | all games | OU under | edge>=0.0pt,1124,0.5222419928825622,-0.002992559042381054,0.9162646447776952,0.021078494762705336,-0.04318721658389113,0.04657353716394307,False
elo | line>7 | ML any | edge>=0.05,354,0.8248587570621468,-0.003020276824250861,0.9135955206285631,0.024526644532221687,-0.043666433511073986,0.04641539272535583,False
lean_qb | line<=3 | OU under | edge>=1.5pt,270,0.5222222222222223,-0.0030303030303029848,0.9584726637953492,-0.06392961876832841,0.07905138339920954,0.04833948339483395,False
linear_qb | wk7-13 | ATS any | edge>=0pt,879,0.5221843003412969,-0.0031026993484330875,0.923217630479022,0.031302717900656106,-0.045454545454545414,0.046942540853979975,False
linear | all games | ATS dogs | edge>=1pt,1174,0.5221465076660988,-0.0031748490010840473,0.9092371099205946,0.01069518716577545,-0.021170610211706048,0.04636267791249341,False
neural_qbfeat | wk14+ | OU under | edge>=3.0pt,136,0.5220588235294118,-0.0033422459893047707,0.9675774884308455,0.03134796238244519,-0.0649350649350649,0.04862941486557723,False
neural_qbfeat | line>7 | ATS any | edge>=0pt,590,0.5220338983050847,-0.003389830508474536,0.9312808953536873,-0.03177910914300595,0.0377216144851,0.04736425935687929,False
neural_qbfeat | wk7-13 | ATS dogs | edge>=1pt,523,0.5219885277246654,-0.0034764470710932954,0.9336526124927873,0.015202189115232656,-0.028409090909090853,0.04746968898260412,False
lean | line>7 | OU over | edge>=0.0pt,387,0.5219638242894057,-0.0035236081747709188,0.942166357559579,-0.08578745198463504,0.09717868338558,0.04768054823405377,False
linear | line>7 | OU any | edge>=3.0pt,251,0.5219123505976095,-0.003621876131836249,0.9521625300640955,0.009970674486803562,-0.025568181818181778,0.04802319451765946,False
linear | wk1-6 | ML any | edge>=0.05,597,0.5996649916247906,-0.003622083983761422,0.9209941268409063,0.02933473263894894,-0.04692580815081105,0.04691618344754876,False
neural_qbfeat | line>7 | OU any | edge>=0.0pt,594,0.5218855218855218,-0.003673094582185446,0.9253037556328783,0.014204545454545496,-0.029676934635612287,0.04699525566684239,False
lean | wk7-13 | ML any | edge>=0.00,904,0.6714601769911505,-0.0036822339512170483,0.8822591007176639,-0.0018618634519683966,-0.00593516773741587,0.044965735371639434,False
linear_qb | total<=44 | ML any | edge>=0.00,1073,0.6514445479962722,-0.0037219862425761662,0.8789529005436408,0.022746397637881097,-0.02580159535994907,0.044754876120189774,False
linear | line<=3 | OU under | edge>=0.0pt,435,0.5218390804597701,-0.0037617554858933727,0.934543367574028,-0.033572236891738924,0.03327085285848176,0.04752240379546653,False
elo | total>=48 | ATS away | edge>=3pt,69,0.5217391304347826,-0.003952569169960432,0.9728352410976463,0.06909090909090913,,0.048840274117026884,False
ensemble | wk7-13 | ML any | edge>=0.00,904,0.6714601769911505,-0.003963412400416717,0.8735471566118227,-0.02191266172065066,0.018251005075120348,0.044464944649446496,False
lean | all games | OU under | edge>=0.0pt,1060,0.5216981132075472,-0.004030874785591719,0.8906223705071571,-0.002759221609061821,-0.005865102639296146,0.04544016868740117,False
elo | line>7 | ML favs | edge>=0.05,343,0.8425655976676385,-0.004148597907639496,0.8606232735605268,0.018090091152249528,-0.03718433165602534,0.043911439114391146,False
ensemble | total<=44 | ATS any | edge>=1pt,788,0.5215736040609137,-0.004268574065528336,0.900106139296302,-0.02535885167464111,0.015374331550802185,0.04588824459673169,False
linear | line 3-7 | OU under | edge>=0.0pt,510,0.5215686274509804,-0.004278074866310106,0.9194251513706454,0.05467260012714564,-0.07954545454545449,0.04681075382182393,False
linear | all games | ML any | edge>=0.05,1697,0.6246317030053035,-0.004333171806290088,0.8339382243693896,0.012783121389999421,-0.026100880690460147,0.04267264101212441,False
vegas | wk1-6 | OU under | edge>=0.0pt,859,0.5215366705471478,-0.0043390835008995194,0.8940072473368629,-0.04337492572786686,0.0404545454545455,0.04554559831312599,False
vegas | wk1-6 | OU any | edge>=0.0pt,859,0.5215366705471478,-0.0043390835008995194,0.8940072473368629,-0.04337492572786686,0.0404545454545455,0.045519240906694784,False
elo | all games | OU under | edge>=1.5pt,813,0.5215252152521526,-0.004360952700436049,0.8963563256405758,0.004784688995215353,-0.021675833063733378,0.045677385345282026,False
linear_qb | line 3-7 | ATS dogs | edge>=0pt,512,0.521484375,-0.0044389204545454124,0.916243645143042,0.006493506493506545,-0.0191826522101751,0.04654717975751186,False
linear | all games | ATS dogs | edge>=0pt,1421,0.5214637579169599,-0.00447828034034926,0.859570085650644,0.029649284725426907,-0.04696251615682891,0.04388508170795994,False
neural_qbfeat | all games | ATS away | edge>=1pt,957,0.5214211076280042,-0.004559703619264706,0.8825066818427221,-0.002066115702479295,-0.007628734901462138,0.04499209277807064,False
ensemble | line>7 | ATS dogs | edge>=3pt,257,0.5214007782101168,-0.00459851432614075,0.9385640342987274,-0.022453450164293506,0.027972027972028017,0.04762783342119136,False
linear | wk14+ | OU any | edge>=0.0pt,748,0.5213903743315508,-0.00461837627613024,0.8947366343513882,0.043111527647610164,-0.056060606060606026,0.04559831312598841,False
elo | total<=44 | ATS dogs | edge>=0pt,748,0.5213903743315508,-0.004618376276130242,0.8947366343513882,-0.011080332409972258,0.0014094432699084355,0.045624670532419614,False
lean_qb | wk14+ | OU any | edge>=0.0pt,748,0.5213903743315508,-0.004618376276130245,0.8947366343513881,0.008669165885660773,-0.0189393939393939,0.045571955719557196,False
ensemble | line>7 | ML favs | edge>=0.05,305,0.839344262295082,-0.004646531864617247,0.8545468928073939,0.03203036304637125,-0.06197344323809508,0.043647865050079074,False
lean_qb | line>7 | ATS home | edge>=1pt,188,0.5212765957446809,-0.004835589941972869,0.9447951878335933,-0.07325684024713143,0.07807486631016047,0.04781233526620981,False
ensemble | total<=44 | ATS home | edge>=0pt,541,0.5212569316081331,-0.004873130566291339,0.9055246141761805,0.03543913713405243,-0.036065573770491764,0.04615181866104376,False
vegas | all games | ATS dogs | edge>=0pt,1510,0.5211920529801325,-0.0049969897652016445,0.8387414779089435,0.03067484662576691,-0.04682799215173312,0.042988929889298894,False
ensemble | line<=3 | OU under | edge>=1.5pt,284,0.5211267605633803,-0.0051216389244557806,0.9280787093283027,-0.019085886489201363,0.019417475728155383,0.04715340010542963,False
lean_qb | wk1-6 | OU under | edge>=1.5pt,261,0.5210727969348659,-0.005224660397074135,0.9296782015183583,-0.11205073995771667,0.2012257405515833,0.04720611491829205,False
linear_qb | line>7 | OU under | edge>=0.0pt,261,0.5210727969348659,-0.005224660397074148,0.9296782015183582,0.06553911205074,-0.14198161389172623,0.047179757511860834,False
lean_qb | all games | ATS home | edge>=3pt,380,0.5210526315789473,-0.005263157894736795,0.9144989896446392,-0.050203527815468066,0.04520060944641955,0.04649446494464945,False
linear_qb | wk7-13 | ATS dogs | edge>=0pt,499,0.5210420841683366,-0.005283293860448127,0.901661750246825,0.04007820136852399,-0.06280991735537184,0.04596731681602531,False
linear_qb | wk7-13 | ML dogs | edge>=0.05,144,0.4166666666666667,-0.0054178120435478165,0.956839745868981,0.08616195009521674,-0.11989251471700343,0.04818133895624671,False
linear | line 3-7 | OU any | edge>=3.0pt,430,0.5209302325581395,-0.005496828752642658,0.9050316017845437,0.02623068630973774,-0.05084745762711863,0.04612546125461255,False
lean | all games | OU under | edge>=1.5pt,622,0.5209003215434084,-0.005553931598947628,0.8846626362763934,-0.005681818181818142,-0.005347593582887644,0.04504480759093305,False
neural_qbfeat | line 3-7 | OU any | edge>=3.0pt,407,0.5208845208845209,-0.00558409649318736,0.9061439794515568,0.04506269592476493,-0.07272727272727268,0.046178176067474964,False
linear_qb | wk7-13 | ATS home | edge>=0pt,455,0.5208791208791209,-0.005594405594405541,0.9005893021791852,0.007350096711798889,-0.019421487603305736,0.0459409594095941,False
vegas | line 3-7 | ATS dogs | edge>=0pt,599,0.5208681135225376,-0.005615419638791884,0.8855614701143342,0.05596590909090913,-0.0762463343108504,0.04515023721665788,False
neural_qbfeat | all games | ML any | edge>=0.00,2517,0.6519666269368296,-0.006010452953174251,0.7049494719298743,0.004220990295582678,-0.01784631275250745,0.03682129678439642,False
lean | total>=48 | ATS dogs | edge>=3pt,121,0.5206611570247934,-0.00601051840721258,0.9450756910093385,0.12705366922234398,-0.2966507177033492,0.047838692672641014,False
linear | all games | ATS any | edge>=3pt,1066,0.5206378986866792,-0.006054920689066985,0.8359055071019604,-0.012965964343598013,0.0034419923061348875,0.04288350026357407,False
neural_qbfeat | all games | ATS dogs | edge>=0pt,1746,0.520618556701031,-0.006091846298031823,0.7896386984502705,-0.0014293882218410089,-0.011707988980716212,0.04090669478123353,False
lean_qb | line>7 | ATS dogs | edge>=0pt,413,0.5205811138014528,-0.00616332819722646,0.8957046143785009,-0.05651105651105647,0.07851239669421492,0.04565102793885082,False
ensemble | all games | ML any | edge>=0.05,1432,0.6389664804469274,-0.006174292817953345,0.7761295466244854,0.018960629875488418,-0.03772158948987946,0.0400632577754349,False
linear | wk7-13 | ML favs | edge>=0.10,189,0.708994708994709,-0.006183196134416837,0.8971644250066833,-0.02260542539024672,0.024421867478720705,0.04573010015814444,False
lean_qb | line>7 | OU over | edge>=3.0pt,171,0.52046783625731,-0.006379585326953701,0.930604329879811,-0.055718475073313754,0.05244755244755249,0.047337901950448076,False
neural_qbfeat | all games | ATS away | edge>=0pt,1224,0.5204248366013072,-0.0064616755793225926,0.8127489274658555,-0.0033208800332087526,-0.010101010101010057,0.04172377438060095,False
lean_qb | line 3-7 | OU over | edge>=3.0pt,196,0.5204081632653061,-0.006493506493506456,0.924353630108061,-0.03561387066541702,0.02203856749311299,0.046968898260411174,False
elo | line<=3 | OU under | edge>=0.0pt,417,0.5203836930455635,-0.006540222367560453,0.8888356910733751,-0.045454545454545414,0.05533596837944669,0.04533473906167634,False
lean_qb | line 3-7 | ATS dogs | edge>=1pt,417,0.5203836930455635,-0.006540222367560457,0.888835691073375,0.003593244699964117,-0.02217294900221724,0.045308381655245124,False
lean | line<=3 | ML any | edge>=0.10,287,0.4634146341463415,-0.006607451897295014,0.9181639867389522,0.10238534068318834,-0.1007375909440761,0.046731681602530314,False
linear | total<=44 | ATS any | edge>=1pt,861,0.5203252032520326,-0.006651884700665144,0.8379879544023966,-0.00616332819722646,-0.007102272727272687,0.04296257248286769,False
lean | line>7 | OU over | edge>=1.5pt,271,0.5202952029520295,-0.006709158000670844,0.9080652872970606,-0.11174242424242421,0.11238367931281326,0.04623089088033738,False
ensemble | line>7 | ATS dogs | edge>=1pt,419,0.5202863961813843,-0.006725970926448211,0.8854280179857229,-0.023426573426573376,0.020583190394511192,0.045123879810226676,False
lean | wk7-13 | ML favs | edge>=0.05,373,0.7184986595174263,-0.006754563743917821,0.8392670735914228,-0.01038286610682817,-0.0022301144118549027,0.0430152872957301,False
lean | line<=3 | OU under | edge>=0.0pt,421,0.5201900237529691,-0.006909954653422547,0.8820380260532856,-0.06163328197226498,0.06289926289926294,0.0448339483394834,False
lean_qb | total<=44 | ATS dogs | edge>=3pt,273,0.5201465201465202,-0.006993006993006948,0.9038422462228842,0.020833333333333377,-0.038054968287526386,0.04604638903531893,False
lean | total<=44 | ML any | edge>=0.10,372,0.5725806451612904,-0.007037844667327129,0.888026370830662,0.08037746322862627,-0.07747930636989153,0.04525566684238271,False
elo | wk7-13 | OU any | edge>=0.0pt,896,0.5200892857142857,-0.0071022727272726915,0.8237628033758086,0.04307184750733142,-0.06931818181818178,0.04222456510279389,False
neural_qbfeat | wk7-13 | ATS any | edge>=1pt,673,0.5200594353640416,-0.007159259759556892,0.8457778603534103,0.009808612440191433,-0.029165373875271444,0.04327886136004217,False
vegas | line<=3 | ATS away | edge>=0pt,898,0.5200445434298441,-0.007187689815752136,0.8214834873729379,-0.0050617533913747325,-0.00931362624012954,0.04206642066420665,False
vegas | line<=3 | ATS any | edge>=0pt,898,0.5200445434298441,-0.007187689815752136,0.8214834873729379,-0.0050617533913747325,-0.00931362624012954,0.042092778070637854,False
neural_qbfeat | line>7 | ATS dogs | edge>=1pt,450,0.52,-0.007272727272727231,0.8717139836244384,-0.05237154150197624,0.06426332288401258,0.04438587243015288,False
linear_qb | wk7-13 | ATS away | edge>=3pt,150,0.52,-0.007272727272727231,0.9259675673595338,0.02488038277511966,-0.06280991735537186,0.04702161307327359,False
neural_qbfeat | wk7-13 | ML favs | edge>=0.00,752,0.7101063829787234,-0.007377506752817534,0.7577758538579881,-0.02498783232775947,0.013734287065095326,0.03943068002108593,False
lean | line>7 | ML favs | edge>=0.05,304,0.8388157894736842,-0.0074563917910079065,0.7687462487551766,0.017766173528341405,-0.04560291619961058,0.039826041117554035,False
lean_qb | wk7-13 | OU under | edge>=0.0pt,402,0.5199004975124378,-0.007462686567164126,0.8755754841305516,0.06876456876456884,-0.11363636363636359,0.04459673168160253,False
linear_qb | line 3-7 | ATS away | edge>=1pt,377,0.519893899204244,-0.007475283337352247,0.8792890349012111,0.009211053263916743,-0.03272727272727269,0.04478123352662098,False
neural_qbfeat | line<=3 | ATS any | edge>=1pt,679,0.5198821796759941,-0.007497656982193027,0.8378791518163701,0.01198228705392033,-0.028099173553718968,0.04293621507643648,False
linear_qb | wk7-13 | ATS any | edge>=1pt,681,0.5198237885462555,-0.007609130957148541,0.8352646397467675,0.021487603305785166,-0.045454545454545414,0.04283078545071165,False
lean_qb | all games | ML any | edge>=0.05,1350,0.64,-0.007732915562674826,0.7266338789362425,0.016602650324615005,-0.03647168561697025,0.0378492356352135,False
lean_qb | line 3-7 | ATS home | edge>=3pt,152,0.5197368421052632,-0.0077751196172248386,0.9203422561587565,-0.10437710437710432,0.10243277848911658,0.046837111228255145,False
linear_qb | all games | ATS away | edge>=1pt,964,0.5197095435684648,-0.007827235005658203,0.7990392467370181,0.010101010101010144,-0.03343256239981676,0.04122298365840801,False
ensemble | total<=44 | ATS dogs | edge>=0pt,762,0.5196850393700787,-0.007874015748031453,0.8199138188721137,0.011302211302211353,-0.025974025974025934,0.041908276225619406,False
ensemble | wk14+ | OU any | edge>=1.5pt,510,0.5196078431372549,-0.00802139037433151,0.8495928832022345,-0.0032858707557502317,-0.012539184952978018,0.04343700579862941,False
linear_qb | line 3-7 | ATS dogs | edge>=1pt,408,0.5196078431372549,-0.008021390374331513,0.8653602987804209,0.004381161007667085,-0.027444253859348157,0.04404322614654718,False
linear_qb | all games | ATS away | edge>=0pt,1226,0.5195758564437194,-0.008082455880171984,0.7668343168482297,0.024793388429752115,-0.05082722155892884,0.039720611491829205,False
elo | wk1-6 | OU under | edge>=1.5pt,281,0.5195729537366548,-0.008087997411840783,0.8872677376419964,-0.03046168491194665,0.03939393939393944,0.045202952029520294,False
linear_qb | all games | OU under | edge>=1.5pt,843,0.5195729537366548,-0.008087997411840788,0.8056990750184018,0.020124913254684282,-0.05443146195497289,0.04161834475487612,False
lean_qb | wk14+ | OU over | edge>=0.0pt,460,0.5195652173913043,-0.00810276679841893,0.8556616183510027,-0.036931818181818135,0.01926040061633286,0.0437269372693727,False
ensemble | wk14+ | ML dogs | edge>=0.05,98,0.41836734693877553,-0.008121941596690939,0.9465708697558229,-0.09417280942445727,0.07792892623107543,0.04791776489193464,False
linear | line 3-7 | OU any | edge>=1.5pt,691,0.5195369030390738,-0.00815682147085905,0.8223284314112331,0.00634249471458778,-0.02661483253588513,0.042145492883500266,False
lean_qb | total<=44 | OU under | edge>=0.0pt,154,0.5194805194805194,-0.008264462809917307,0.9147905331657998,-0.11267605633802813,0.08105147864184013,0.046520822351080654,False
neural_qbfeat | all games | OU under | edge>=0.0pt,1207,0.5194697597348799,-0.008285004142502028,0.7629730389804622,0.008722358722358768,-0.03523457270780606,0.03956246705324196,False
lean_qb | line 3-7 | ATS any | edge>=0pt,976,0.5194672131147541,-0.008289865871833044,0.7861539325962278,0.019875561700656796,-0.041212121212121165,0.04069583552978387,False
ensemble | line 3-7 | ML any | edge>=0.05,556,0.6546762589928058,-0.00831153765311062,0.8012629722952623,0.0017375274692518242,-0.020611593362882267,0.04138112809699526,False
linear_qb | wk7-13 | ML any | edge>=0.00,904,0.661504424778761,-0.00842968238548521,0.7420518037591924,-0.014678757863097459,-0.0006956780815096615,0.038560885608856094,False
linear_qb | total<=44 | ATS away | edge>=1pt,387,0.5193798449612403,-0.008456659619450265,0.8618077353590144,-0.010833725859632553,-0.0060918462980318,0.04396415392725356,False
neural_qbfeat | all games | ML any | edge>=0.05,1713,0.6187974314068885,-0.008470853661053773,0.6832679186940861,0.01114513922760347,-0.032324713059938386,0.03587243015287296,False
lean_qb | total<=44 | ATS home | edge>=0pt,595,0.519327731092437,-0.008556149732620278,0.8270173178294858,-0.00239234449760761,-0.013539651837524138,0.042356352134949926,False
elo | total<=44 | ATS dogs | edge>=3pt,337,0.5192878338278932,-0.008632317237658447,0.8683422131955454,-0.001567398119122215,-0.016174010039040673,0.04414865577227201,False
linear | line>7 | OU under | edge>=3.0pt,104,0.5192307692307693,-0.008741258741258683,0.9260783638539255,0.06909090909090913,-0.2100313479623824,0.0470479704797048,False
lean | line 3-7 | ATS dogs | edge>=0pt,599,0.5191986644407346,-0.008802549704052153,0.8215315504342668,0.02924901185770757,-0.06048675733715101,0.04211913547706906,False
ensemble | line<=3 | ATS away | edge>=0pt,391,0.5191815856777494,-0.008835154615205731,0.854953044961262,0.04851625058878949,-0.06473829201101924,0.04367422245651029,False
ensemble | line 3-7 | OU under | edge>=0.0pt,470,0.5191489361702127,-0.008897485493230117,0.8399954249434507,0.040719696969697024,-0.08741258741258735,0.043094359515023724,False
neural_qbfeat | line 3-7 | ATS away | edge>=0pt,470,0.5191489361702127,-0.008897485493230127,0.8399954249434505,-0.0045985143261407365,-0.014084507042253483,0.04306800210859252,False
neural_qbfeat | wk7-13 | ML any | edge>=0.05,597,0.6247906197654941,-0.00897736191161328,0.7957135390766563,-0.0007425762298521421,-0.019797487284159875,0.041038481813389566,False
elo | line 3-7 | ATS away | edge>=0pt,445,0.5191011235955056,-0.008988764044943783,0.8426906013969349,0.02918069584736256,-0.05490549054905487,0.04317343173431734,False
ensemble | total>=48 | ATS dogs | edge>=3pt,131,0.5190839694656488,-0.00902151283830669,0.9142906174375255,0.05830039525691704,-0.1678321678321678,0.04646810753821824,False
linear | wk7-13 | ATS away | edge>=0pt,420,0.5190476190476191,-0.009090909090909037,0.8454177342753122,0.07631874298540972,-0.12634822804314325,0.04322614654717976,False
linear | wk14+ | OU under | edge>=0.0pt,368,0.5190217391304348,-0.009140316205533548,0.8544487182271859,0.07554417413572348,-0.12551319648093837,0.04362150764364787,False
neural_qbfeat | wk14+ | ATS home | edge>=3pt,158,0.5189873417721519,-0.009205983889528117,0.9039005062349951,-0.1259583789704271,0.12000000000000005,0.04609910384818134,False
neural_qbfeat | line>7 | ATS any | edge>=1pt,501,0.5189620758483033,-0.009254218835057115,0.8283431840543688,-0.035877166311948865,0.030153015301530195,0.04238270954138113,False
neural_qbfeat | line<=3 | ML any | edge>=0.00,933,0.5401929260450161,-0.009468929521648455,0.7586867506797013,0.0056111174863704046,-0.02438820843789739,0.03945703742751713,False
lean | wk7-13 | ML favs | edge>=0.00,779,0.7073170731707317,-0.00958775261715113,0.6844014668022685,-0.029716379810738998,0.015602118986385131,0.03592514496573537,False
neural_qbfeat | wk1-6 | OU under | edge>=1.5pt,293,0.5187713310580204,-0.009618367980142688,0.8633156833585589,-0.035406698564593254,0.037952338923212744,0.04399051133368477,False
neural_qbfeat | wk7-13 | ATS away | edge>=3pt,160,0.51875,-0.009659090909090867,0.898558701282717,0.09090909090909095,-0.16862170087976533,0.04580917237743806,False
lean | total<=44 | ATS dogs | edge>=0pt,696,0.5186781609195402,-0.009796238244514067,0.7866685457125391,-0.023125996810207293,0.0030816640986132886,0.04074855034264629,False
lean_qb | total<=44 | ATS home | edge>=1pt,457,0.5185995623632386,-0.009946290033817343,0.8238976735838324,-0.003952569169960441,-0.014909090909090867,0.0422772799156563,False
neural_qbfeat | all games | ATS any | edge>=1pt,1936,0.518595041322314,-0.00995492111194586,0.6462329379082377,-0.031073446327683576,0.015706261701685084,0.03439641539272536,False
lean | wk1-6 | ATS any | edge>=1pt,619,0.518578352180937,-0.009986782200029335,0.7947426219637979,0.03603104212860315,-0.061855670103092744,0.04101212440695836,False
neural_qbfeat | line 3-7 | ML favs | edge>=0.00,866,0.6974595842956121,-0.010067252700427382,0.6519053126138931,-0.02645069519955442,0.007492034954139414,0.03479177648919347,False
ensemble | line 3-7 | ATS away | edge>=1pt,299,0.5183946488294314,-0.010337488598358131,0.8517274749494838,0.012749445676275015,-0.038383838383838347,0.04351607801792304,False
elo | line 3-7 | ML dogs | edge>=0.05,87,0.3563218390804598,-0.010353946911790824,0.9431624683297719,0.04379570254235289,-0.12445499397587938,0.04773326304691619,False
elo | line 3-7 | ML dogs | edge>=0.10,87,0.3563218390804598,-0.010353946911790824,0.9431624683297719,0.04379570254235289,-0.12445499397587938,0.04775962045334739,False
elo | line 3-7 | ML dogs | edge>=0.00,87,0.3563218390804598,-0.010353946911790824,0.9431624683297719,0.04379570254235289,-0.12445499397587938,0.0477859778597786,False
lean_qb | all games | ATS dogs | edge>=0pt,1580,0.5183544303797468,-0.010414269275028722,0.6644737094662984,0.020225187656380355,-0.04815100154083201,0.035213494992092774,False
lean | line 3-7 | OU any | edge>=0.0pt,982,0.5183299389002036,-0.01046102573597477,0.7313093549073594,-0.004108885464817618,-0.01793993146543031,0.038060094886663155,False
lean_qb | line>7 | ML favs | edge>=0.05,281,0.8291814946619217,-0.010577413328067099,0.6974710484258952,0.013236733750395559,-0.04872414892597486,0.03647865050079072,False
elo | all games | OU any | edge>=3.0pt,1243,0.5181013676588898,-0.010897389014846737,0.6873133905060415,-0.005081021697335853,-0.01752464403066808,0.03613600421718503,False
lean | total<=44 | ATS home | edge>=1pt,471,0.5180467091295117,-0.011001737116386754,0.8026713821180538,-0.02366127023661267,4.229421046191072e-17,0.04146020031628888,False
linear | wk7-13 | ATS home | edge>=1pt,361,0.518005540166205,-0.01108033240997226,0.8256934202703048,-0.025974025974025934,0.006611570247933927,0.04232999472851872,False
lean_qb | line>7 | ML any | edge>=0.05,285,0.8210526315789474,-0.011082165071050637,0.704650127096736,0.029332132406642827,-0.07443430706311067,0.036794939377965206,False
ensemble | wk7-13 | ML favs | edge>=0.00,781,0.706786171574904,-0.011096161590270458,0.6374479930984436,-0.040667750515179214,0.025319137914402916,0.034027411702688456,False
linear_qb | total<=44 | ML any | edge>=0.05,746,0.6112600536193029,-0.011117009457108737,0.7264296924285573,0.02361544266824144,-0.043336519309823754,0.03782287822878229,False
lean | total>=48 | ATS any | edge>=3pt,139,0.5179856115107914,-0.011118378024852797,0.8912939251506137,0.13733075435203104,-0.3212121212121211,0.045466526093832366,False
linear_qb | line>7 | ML favs | edge>=0.10,142,0.8169014084507042,-0.011182273251904521,0.7792764930656237,0.03429731478077673,-0.11946700666305035,0.04024775962045335,False
ensemble | wk14+ | ATS dogs | edge>=3pt,195,0.517948717948718,-0.011188811188811142,0.8703983998702854,-0.06951871657754007,0.0801435406698565,0.04433315761729046,False
ensemble | total<=44 | ML any | edge>=0.05,663,0.6259426847662142,-0.011263158251746336,0.7333368413660004,0.03205606117262035,-0.05291625385209892,0.03819188191881919,False
linear_qb | wk14+ | ML any | edge>=0.10,286,0.5909090909090909,-0.011354866422669934,0.8349761147973389,-0.06298486970792776,0.05609723464355399,0.042804428044280446,False
lean | line>7 | ML any | edge>=0.05,313,0.8210862619808307,-0.011392233955530564,0.6951269784395226,0.01639061954879089,-0.052625516537340974,0.03632050606220348,False
lean | all games | ATS dogs | edge>=0pt,1634,0.5177478580171359,-0.011572271058195128,0.6240458286757524,0.01762114537444938,-0.04808414725770093,0.03334211913547707,False
lean | line>7 | ML favs | edge>=0.10,128,0.8359375,-0.011740799021757592,0.7658543695901675,0.029804275693829284,-0.0705309990909843,0.03964153927253558,False
lean_qb | wk1-6 | ATS any | edge>=0pt,850,0.5176470588235295,-0.011764705882352898,0.7194280004261026,0.027650686294012374,-0.05759888965995832,0.03755930416447022,False
linear_qb | wk7-13 | ML favs | edge>=0.00,754,0.7082228116710876,-0.011772688080037421,0.6219448757133544,-0.03677220303527109,0.01883143789760852,0.033315761729045865,False
linear | wk7-13 | ATS any | edge>=0pt,879,0.5176336746302617,-0.011790257524045873,0.7142878053559955,0.05098406747891288,-0.08906322104291643,0.037243015287295726,False
elo | line 3-7 | ATS any | edge>=3pt,284,0.5176056338028169,-0.011843790012804065,0.8347072495501834,-0.016174010039040666,-0.00601051840721258,0.04277807063784924,False
ensemble | total>=48 | ML favs | edge>=0.10,90,0.7,-0.011846107960861699,0.8666902901382467,-0.00183675878084901,-0.02913498381724726,0.04406958355297839,False
lean | line<=3 | ATS away | edge>=0pt,398,0.5175879396984925,-0.011877569666514346,0.8041993074328957,0.03218790778599395,-0.06060606060606056,0.04151291512915129,False
elo | line 3-7 | OU any | edge>=3.0pt,485,0.5175257731958763,-0.011996251171508867,0.782163109092698,-0.017171717171717126,-0.005496828752642664,0.04035318924617818,False
elo | all games | OU under | edge>=0.0pt,1113,0.5175202156334232,-0.01200686106346479,0.6747764642708584,0.002944942381562146,-0.03834874802616734,0.03560885608856089,False
ensemble | wk7-13 | ML favs | edge>=0.10,124,0.7258064516129032,-0.012106602183716923,0.8311207641903643,0.029808037437180718,-0.06469042279902486,0.04248813916710596,False
elo | total<=44 | ATS dogs | edge>=1pt,607,0.5172981878088962,-0.012430732364834461,0.7484937518778908,-0.029598308668076067,0.004456327985739796,0.03887717448603058,False
elo | wk7-13 | OU any | edge>=1.5pt,665,0.5172932330827068,-0.012440191387559767,0.7369565294759545,0.017138599105812263,-0.048647005168744255,0.03835002635740643,False
ensemble | line 3-7 | ML any | edge>=0.10,245,0.5959183673469388,-0.012470557763566672,0.8307583820260678,-0.034368132088765574,0.01771833111195025,0.04246178176067475,False
lean_qb | line 3-7 | ML any | edge>=0.10,224,0.6116071428571429,-0.012470643273953514,0.8332850227397789,0.005678641813649163,-0.03803576527907123,0.042619926199262,False
lean | line>7 | ATS away | edge>=3pt,145,0.5172413793103449,-0.012539184952978014,0.8748910941589465,-0.06666666666666662,0.0760330578512397,0.04454401686874012,False
elo | all games | ML dogs | edge>=0.05,398,0.41708542713567837,-0.01257351734970043,0.8330446307246312,0.07376590325859904,-0.10336342355636584,0.042540853979968374,False
linear_qb | wk14+ | ML any | edge>=0.00,755,0.6701986754966888,-0.01257716634841838,0.6497596058168873,-0.0331376356304045,0.009744006104124542,0.03465998945703743,False
neural_qbfeat | line 3-7 | ATS any | edge>=1pt,756,0.5171957671957672,-0.012626262626262581,0.7162055115163869,-0.06389986824769427,0.0494417862838916,0.03742751713231418,False
lean | total>=48 | ML favs | edge>=0.05,267,0.700374531835206,-0.012670843651560501,0.7551395179894961,0.005642934966466928,-0.051214959115083336,0.0393252503953611,False
lean_qb | line 3-7 | ML any | edge>=0.00,985,0.6751269035532995,-0.012812576664525913,0.5752288877377577,-0.026309693495128482,0.003038341997462091,0.031233526620980497,False
linear | wk7-13 | ATS any | edge>=1pt,673,0.5170876671619614,-0.012832635418073723,0.7274203320064636,-0.00767570160709997,-0.019480519480519435,0.0378755930416447,False
linear | line 3-7 | OU under | edge>=3.0pt,205,0.5170731707317073,-0.012860310421285997,0.8475099824778752,0.042657342657342695,-0.10909090909090907,0.043305218766473384,False
elo | total<=44 | ATS any | edge>=3pt,412,0.5169902912621359,-0.013018534863195007,0.7821847063946952,0.0018001800180018426,-0.027272727272727223,0.040379546652609385,False
linear | all games | OU under | edge>=0.0pt,1207,0.5169842584921293,-0.013030051969571398,0.635355688863489,0.020000000000000052,-0.05863367401828937,0.03394833948339484,False
neural_qbfeat | line>7 | OU over | edge>=1.5pt,236,0.5169491525423728,-0.013097072419106253,0.8334941904519432,-0.10804769001490308,0.08851674641148331,0.0426462836056932,False
lean_qb | wk1-6 | OU any | edge>=0.0pt,859,0.5168800931315483,-0.013228913112498636,0.6847114286485745,-0.043374925727866866,0.021363636363636404,0.03595150237216658,False
lean_qb | wk14+ | ML favs | edge>=0.05,311,0.7234726688102894,-0.013257703651735423,0.7108363688967448,-0.008464421077338552,-0.018816579970654012,0.03705851344227728,False
lean_qb | line>7 | OU any | edge>=0.0pt,594,0.5168350168350169,-0.013314967860422366,0.7340722202091888,-0.03460743801652889,0.01765589782118711,0.038270954138112816,False
linear | wk1-6 | ML any | edge>=0.00,858,0.6235431235431236,-0.013555014996720908,0.6341880036537639,0.003910269335058022,-0.033459341529446525,0.033816552451238796,False
lean | line 3-7 | ATS away | edge>=1pt,300,0.5166666666666667,-0.013636363636363594,0.8049536809790979,0.010695187165775449,-0.045454545454545414,0.04156562994201371,False
elo | wk14+ | OU any | edge>=3.0pt,391,0.5166240409207161,-0.013717740060450997,0.7765910938248004,-0.019931939718035932,-0.008021390374331508,0.04008961518186611,False
lean | line<=3 | ML any | edge>=0.05,538,0.5130111524163569,-0.013784257982274789,0.7468823025914899,0.06216533853035528,-0.08973385449490485,0.03877174486030575,False
linear | line>7 | ATS dogs | edge>=0pt,362,0.5165745856353591,-0.013812154696132554,0.7834130441940055,-0.049735018344883745,0.043819489862655374,0.04051133368476542,False
lean | wk14+ | ATS dogs | edge>=0pt,484,0.5165289256198347,-0.013899323816679144,0.7489626056963472,-0.05602146930560211,0.0396927016645327,0.03892988929889299,False
linear_qb | line 3-7 | OU over | edge>=1.5pt,333,0.5165165165165165,-0.013923013923013882,0.7904697628362195,-0.006831318970047252,-0.02159090909090905,0.040933052187664735,False
linear | all games | ATS home | edge>=3pt,546,0.5164835164835165,-0.013986013986013948,0.7323016566742885,-0.04866850321395772,0.027382256297918992,0.03808645229309436,False
ensemble | wk1-6 | ATS any | edge>=0pt,850,0.5164705882352941,-0.014010695187165731,0.6688249956156687,0.03600556992241898,-0.07217210270645381,0.035318924617817604,False
linear_qb | wk7-13 | ATS dogs | edge>=1pt,397,0.5163727959697733,-0.014197389512250934,0.767280815118106,0.022727272727272787,-0.06200735680504462,0.039773326304691624,False
linear | wk7-13 | ATS home | edge>=0pt,459,0.5163398692810458,-0.014260249554367154,0.7492005966667478,0.02554470323065368,-0.058651026392961825,0.03898260411175541,False
ensemble | line<=3 | OU under | edge>=3.0pt,153,0.5163398692810458,-0.014260249554367159,0.8540373918353594,-0.027444253859348157,0.01547388781431339,0.04359515023721666,False
elo | all games | ML dogs | edge>=0.00,405,0.41728395061728396,-0.014291488621616387,0.8086080783030021,0.05820407857369177,-0.09008230887125673,0.041644702161307334,False
linear | wk7-13 | ATS dogs | edge>=0pt,521,0.5163147792706334,-0.014308148665154367,0.7324927906987433,0.053291536050156796,-0.09917355371900821,0.03813916710595677,False
ensemble | wk14+ | ATS home | edge>=1pt,277,0.516245487364621,-0.014440433212996338,0.8016462373348909,-0.16818181818181815,0.1426675514266756,0.041433842909857674,False
lean | total<=44 | ATS home | edge>=0pt,585,0.5162393162393163,-0.01445221445221441,0.7144395982209932,-0.02325581395348833,-0.0075062552126771865,0.037295730100158145,False
linear | wk14+ | OU any | edge>=3.0pt,308,0.5162337662337663,-0.014462809917355322,0.7907132183991014,0.02354874041621034,-0.058898847631241945,0.04095940959409594,False
lean_qb | total>=48 | ATS dogs | edge>=0pt,432,0.5162037037037037,-0.014520202020201975,0.7521798851914525,0.03409090909090914,-0.11174242424242421,0.03919346336320506,False
linear | all games | ATS away | edge>=0pt,1209,0.5161290322580645,-0.014662756598240427,0.5933230066568086,0.019659585697321593,-0.06013986013986009,0.03191881918819189,False
linear | all games | ML any | edge>=0.00,2517,0.6468017481128328,-0.014710968022844606,0.35347759533199297,-0.016796919868800143,-0.012297913188191671,0.021454928835002635,False
ensemble | line 3-7 | ML any | edge>=0.00,985,0.6680203045685279,-0.01479705899215179,0.5256443327886917,-0.03453180474869655,0.008379287017741844,0.028624143384290986,False
lean_qb | line 3-7 | ML any | edge>=0.05,521,0.6583493282149712,-0.014822031550149313,0.6580057064427082,-0.017600304098060748,-0.011334156922901184,0.034976278334211915,False
elo | line<=3 | ML dogs | edge>=0.05,300,0.44,-0.014857525367968355,0.8179910059840529,0.0791197446378975,-0.09599318083887122,0.041881918819188194,False
linear | wk7-13 | ATS away | edge>=1pt,312,0.5160256410256411,-0.014860139860139818,0.783743199242871,0.011922503725782466,-0.052854122621564435,0.04056404849762784,False
neural_qbfeat | all games | OU over | edge>=3.0pt,562,0.5160142348754448,-0.014881915237787079,0.711924875344233,-0.025974025974025938,-0.006309148264984183,0.0371375856615709,False
linear_qb | line 3-7 | OU over | edge>=0.0pt,471,0.5159235668789809,-0.01505500868558189,0.7324281993378378,-0.02967693463561228,0.00039698292973406376,0.038112809699525574,False
ensemble | line 3-7 | ATS dogs | edge>=0pt,661,0.5158850226928896,-0.015128593040847155,0.6838655010595387,0.0263929618768329,-0.0685750235923246,0.03589878755930417,False
ensemble | all games | ATS dogs | edge>=0pt,1766,0.515855039637599,-0.015185833419128951,0.5037728330656925,0.017655897821187122,-0.05502392344497604,0.027701634159198737,False
neural_qbfeat | wk7-13 | ML favs | edge>=0.10,215,0.6976744186046512,-0.015214284886257284,0.7390124873175494,0.0012661096854554353,-0.037671086280679,0.03842909857670006,False
neural_qbfeat | all games | ATS home | edge>=1pt,979,0.515832482124617,-0.015228897762094856,0.617763274842109,-0.05975485188968331,0.038202247191011285,0.03313125988402742,False
linear_qb | line<=3 | OU under | edge>=3.0pt,190,0.5157894736842106,-0.015311004784688957,0.8256226153208983,-0.020553359683794424,-0.007272727272727231,0.04230363732208751,False
lean_qb | line 3-7 | OU over | edge>=0.0pt,539,0.5157699443413729,-0.015348288075560757,0.709192003320428,-0.010360962566844874,-0.020429009193054095,0.036953083816552455,False
lean_qb | total<=44 | ATS dogs | edge>=1pt,539,0.5157699443413729,-0.015348288075560757,0.709192003320428,-0.01758460517584601,-0.013036020583190349,0.03697944122298366,False
neural_qbfeat | wk1-6 | OU any | edge>=0.0pt,859,0.5157159487776485,-0.01545137051539841,0.6353478625634723,-0.04337492572786686,0.016590909090909135,0.033921982076963626,False
elo | wk1-6 | ATS any | edge>=3pt,287,0.5156794425087108,-0.015521064301552052,0.7834229960752761,0.02501525320317271,-0.059288537549407064,0.04053769109119663,False
neural_qbfeat | total>=48 | ML favs | edge>=0.00,591,0.6954314720812182,-0.015532538053172012,0.5738126116612249,-0.037152495642957584,0.027379802011402367,0.031075382182393252,False
ensemble | line 3-7 | ATS dogs | edge>=1pt,512,0.515625,-0.015624999999999955,0.7113807671950286,-0.009618367980142681,-0.023661270236612658,0.0371112282551397,False
elo | wk1-6 | OU under | edge>=3.0pt,192,0.515625,-0.015624999999999958,0.8211826929648498,-0.059491978609625636,0.09090909090909095,0.042040063257775435,False
lean_qb | line<=3 | ML favs | edge>=0.05,270,0.6037037037037037,-0.015763901105648695,0.7466955841898831,-0.038239234785490545,0.007046885315683345,0.03874538745387454,False
ensemble | wk1-6 | OU over | edge>=3.0pt,161,0.515527950310559,-0.015810276679841855,0.8342385870305989,-0.08578745198463504,0.039393939393939446,0.042698998418555616,False
ensemble | line 3-7 | ATS away | edge>=3pt,97,0.5154639175257731,-0.01593252108716022,0.8703757717272238,0.03543913713405243,-0.09569377990430618,0.044306800210859254,False
elo | wk7-13 | ATS dogs | edge>=3pt,227,0.5154185022026432,-0.01601922306768118,0.8009539923826854,0.0346981263011798,-0.0852272727272727,0.041328413284132844,False
elo | line<=3 | ATS dogs | edge>=0pt,584,0.5154109589041096,-0.016033623910336192,0.6850633574061399,0.0668449197860963,-0.08828671328671324,0.03600421718502899,False
elo | total<=44 | ML any | edge>=0.10,376,0.5691489361702128,-0.01605001083121744,0.7498425938625707,0.057832715186893244,-0.08685428993190684,0.03903531892461782,False
ensemble | line<=3 | ML any | edge>=0.05,566,0.5159010600706714,-0.016178394431107704,0.6951943734946369,0.01041464610052982,-0.04681600386489543,0.03634686346863469,False
lean_qb | all games | ATS away | edge>=0pt,1176,0.5153061224489796,-0.016233766233766198,0.5598455752623249,0.02114164904862584,-0.06163328197226498,0.030231945176594624,False
lean | total>=48 | ATS dogs | edge>=0pt,460,0.5152173913043478,-0.016403162055335926,0.712796084107497,0.027504342790967036,-0.11083437110834367,0.037190300474433315,False
linear_qb | all games | ML any | edge>=0.00,2517,0.6487882399682161,-0.016514316027721965,0.29299494748300176,-0.022427391273499086,-0.009673997620010649,0.018766473379019506,False
lean | all games | ATS away | edge>=0pt,1188,0.5151515151515151,-0.016528925619834666,0.5507143189873539,0.018561170573093127,-0.06207139089150689,0.02988929889298893,False
lean | line>7 | OU any | edge>=0.0pt,594,0.5151515151515151,-0.016528925619834666,0.6732754889141271,-0.05087809917355368,0.03343350864012025,0.03550342646283606,False
lean_qb | all games | ATS any | edge>=3pt,695,0.5151079136690647,-0.016612164813603617,0.6466091823251255,0.005050505050505095,-0.04244336105534839,0.03447548761201898,False
neural_qbfeat | line<=3 | ML any | edge>=0.05,705,0.5163120567375886,-0.016734946027024522,0.6506803412729218,0.021526901070091402,-0.05711625404205649,0.034739061676331055,False
vegas | all games | OU under | edge>=0.0pt,2503,0.5149820215741111,-0.0168525042676061,0.3770510845377305,-0.006362959453056205,-0.02899686520376171,0.02285187137585662,False
vegas | all games | OU any | edge>=0.0pt,2503,0.5149820215741111,-0.0168525042676061,0.3770510845377305,-0.006362959453056205,-0.02899686520376171,0.02282551396942541,False
elo | line<=3 | ML dogs | edge>=0.00,307,0.43973941368078173,-0.017071826048743896,0.7887343831575272,0.056321440173716576,-0.08023451576746743,0.0408012651555087,False
neural_qbfeat | wk14+ | ATS home | edge>=1pt,303,0.5148514851485149,-0.017101710171017043,0.7556463519766522,-0.14593301435406691,0.11258278145695372,0.03937796520822351,False
lean | line<=3 | ATS away | edge>=3pt,101,0.5148514851485149,-0.01710171017101706,0.8581120351953518,0.24312896405919668,-0.2100313479623824,0.04377965208223511,False
ensemble | wk14+ | OU over | edge>=3.0pt,202,0.5148514851485149,-0.017101710171017064,0.7996654338479239,-0.008264462809917314,-0.022545454545454504,0.04124934106483922,False
neural_qbfeat | total<=44 | OU over | edge>=3.0pt,472,0.5148305084745762,-0.01714175654853617,0.6967820659501055,-0.030303030303030262,-0.008352071956312206,0.03637322087506589,False
ensemble | line 3-7 | ML favs | edge>=0.05,486,0.6934156378600823,-0.01716821163738609,0.5655606834010563,-0.01512197527687906,-0.01944576167342869,0.030548234053769108,False
lean_qb | all games | ATS dogs | edge>=3pt,540,0.5148148148148148,-0.017171717171717133,0.6762359870416059,0.00997067448680357,-0.053754940711462404,0.035687928307854506,False
linear | line 3-7 | OU over | edge>=1.5pt,338,0.514792899408284,-0.017213555675094094,0.7407057409473036,-0.02376033057851235,-0.010101010101010059,0.03853452820242489,False
linear | line 3-7 | ATS away | edge>=0pt,476,0.5147058823529411,-0.017379679144384964,0.6915529391827547,0.01725282017252825,-0.06435643564356432,0.03621507643647865,False
lean_qb | line<=3 | ATS away | edge>=0pt,410,0.5146341463414634,-0.017516629711751625,0.7106211580048767,0.030153015301530195,-0.06381118881118877,0.03700579862941487,False
ensemble | wk7-13 | ATS home | edge>=1pt,342,0.5146198830409356,-0.01754385964912275,0.7344116933213001,0.027226580526072942,-0.0783699059561128,0.03829731154454402,False
elo | wk7-13 | ML favs | edge>=0.00,768,0.703125,-0.01755791314089289,0.4607386759458474,-0.054267542665889824,0.028168116618313824,0.026120189773326304,False
lean_qb | wk1-6 | ATS any | edge>=1pt,616,0.5146103896103896,-0.017561983471074336,0.6482224461425797,-0.007272727272727228,-0.029053420805998084,0.034528202424881395,False
neural_qbfeat | wk14+ | ATS home | edge>=0pt,377,0.5145888594164456,-0.017603086568603755,0.7207364222556977,-0.1173020527859237,0.07948595906711096,0.03761201897733263,False
lean_qb | wk14+ | OU over | edge>=1.5pt,344,0.5145348837209303,-0.017706131078224056,0.7312954819889526,-0.039806347498655144,0.003636363636363679,0.03803373748023195,False
linear_qb | line 3-7 | ML any | edge>=0.00,985,0.6517766497461929,-0.01785518716694379,0.4689607410350406,-0.059582331805531324,0.031148876735326785,0.026489193463363203,False
neural_qbfeat | line 3-7 | OU under | edge>=3.0pt,208,0.5144230769230769,-0.01791958041958038,0.7872699402014334,0.05467260012714563,-0.1776223776223776,0.040774907749077494,False
linear_qb | line<=3 | OU under | edge>=1.5pt,313,0.5143769968051118,-0.01800755155387739,0.7390856153094979,-0.04545454545454541,0.02012491325468429,0.03845545598313126,False
lean_qb | wk14+ | ATS home | edge>=0pt,383,0.5143603133159269,-0.018039401851412253,0.7119459077351803,-0.07467532467532464,0.04132231404958682,0.03716394306800211,False
ensemble | all games | ATS away | edge>=0pt,1196,0.5142140468227425,-0.018318637883855224,0.5070257534082844,0.025306010177417185,-0.07221750212404414,0.027780706378492354,False
linear | wk14+ | ML dogs | edge>=0.10,115,0.4,-0.018369062768476645,0.8727046842876486,-0.06562408895391185,0.0430624712725891,0.044412229836584084,False
elo | line 3-7 | ATS home | edge>=3pt,177,0.5141242937853108,-0.01848998459167947,0.7974167088650885,-0.07272727272727268,0.06060606060606065,0.04111755403268319,False
ensemble | line>7 | ATS away | edge>=3pt,177,0.5141242937853108,-0.01848998459167948,0.7974167088650884,-0.045454545454545414,0.030303030303030346,0.04109119662625198,False
linear_qb | wk1-6 | ATS any | edge>=0pt,850,0.5141176470588236,-0.018502673796791397,0.5722084618441674,-0.0015914064054107435,-0.038167938931297676,0.03094359515023722,False
ensemble | all games | ATS dogs | edge>=1pt,1383,0.5140997830802603,-0.018536777755866648,0.47028663849754454,-0.0008264462809916944,-0.04078303425774873,0.026515550869794416,False
lean | line<=3 | OU under | edge>=1.5pt,251,0.5139442231075697,-0.018833755885548663,0.755232572700146,-0.08415233415233411,0.07502206531332749,0.03935160780179231,False
ensemble | all games | OU under | edge>=1.5pt,720,0.5138888888888888,-0.018939393939393902,0.5947292849947337,-0.00905238828967638,-0.03775659824046916,0.0319715340010543,False
linear_qb | line 3-7 | OU any | edge>=1.5pt,685,0.5138686131386861,-0.01897810218978098,0.603108362599946,0.013589503280224978,-0.061524334251606944,0.032551396942540854,False
elo | wk14+ | ML favs | edge>=0.10,118,0.7542372881355932,-0.019070055913797675,0.722207396760563,0.07646070715449106,-0.14899189368667037,0.03766473379019505,False
linear_qb | total<=44 | OU under | edge>=0.0pt,362,0.5138121546961326,-0.019085886489201363,0.7041354605263134,-0.08441558441558437,0.058050383351588214,0.03671586715867159,False
lean | line 3-7 | ATS any | edge>=1pt,691,0.5137481910274964,-0.01920799894750686,0.5971287352081293,-0.022787239146078147,-0.014860139860139818,0.03212967843964154,False
ensemble | line>7 | ATS any | edge>=1pt,473,0.5137420718816068,-0.019219680953296136,0.6618710810148272,-0.025568181818181775,-0.009336609336609285,0.035081707959936745,False
elo | line 3-7 | ATS dogs | edge>=1pt,510,0.5137254901960784,-0.01925133689839568,0.6491710541551311,0.01602465331278896,-0.06765327695560248,0.034580917237743806,False
neural_qbfeat | wk14+ | OU over | edge>=0.0pt,401,0.513715710723192,-0.01927000680117883,0.6864987829272482,-0.029456576942610405,-0.011056511056511014,0.036083289404322615,False
elo | all games | ATS dogs | edge>=3pt,658,0.513677811550152,-0.01934235976789164,0.6035266196843596,-0.014157973174366578,-0.025840597758405925,0.03260411175540327,False
elo | line>7 | ML any | edge>=0.10,171,0.7953216374269005,-0.019511454614351796,0.6761215218439938,0.020867312770167484,-0.0792018064001629,0.035635213494992095,False
lean | wk14+ | ML favs | edge>=0.10,120,0.75,-0.01953923603278605,0.7156795743265325,0.02516098111699158,-0.08001600041189698,0.03737480231945177,False
lean | line>7 | ATS any | edge>=0pt,590,0.5135593220338983,-0.0195685670261941,0.6188714377431586,-0.03724928366762172,0.00603545831761604,0.03315761729045862,False
lean | wk1-6 | ML any | edge>=0.05,496,0.6108870967741935,-0.019655193046362256,0.6106748584872004,0.06533322027434965,-0.11253282616899679,0.03289404322614655,False
lean_qb | wk1-6 | OU under | edge>=3.0pt,148,0.5135135135135135,-0.01965601965601959,0.8031245577699899,-0.12574341546304155,0.2572062084257207,0.041486557722720085,False
linear | all games | OU under | edge>=3.0pt,481,0.5135135135135135,-0.019656019656019614,0.6519674951999239,0.01248910833575374,-0.07954545454545449,0.03481813389562467,False
neural_qbfeat | total<=44 | ATS away | edge>=1pt,407,0.5135135135135135,-0.019656019656019614,0.6783103933917874,-0.04545454545454541,0.004784688995215358,0.03576700052714813,False
elo | wk1-6 | ATS any | edge>=1pt,629,0.5135135135135135,-0.019656019656019617,0.6058802879164635,0.03977272727272733,-0.08780639156065773,0.03268318397469689,False
linear | line>7 | OU any | edge>=0.0pt,594,0.5134680134680135,-0.019742883379246973,0.6145558242080527,-0.007489669421487561,-0.03756574004507882,0.03305218766473379,False
lean | total<=44 | ML any | edge>=0.05,665,0.6195488721804512,-0.019970380469578046,0.5467315805786582,0.05239977846192174,-0.0843222547467355,0.02975751186083289,False
ensemble | line 3-7 | ML favs | edge>=0.00,915,0.6896174863387978,-0.019997419702633492,0.36102000076567575,-0.04724860830452004,0.010337621650967705,0.021903004744333158,False
ensemble | line<=3 | ATS home | edge>=3pt,150,0.5133333333333333,-0.01999999999999996,0.7984215486692188,0.08712121212121217,-0.11888111888111884,0.0411702688455456,False
linear_qb | wk7-13 | ML any | edge>=0.05,574,0.627177700348432,-0.02000992817660871,0.5629489859840152,-0.0006223624310974677,-0.04623081627504606,0.03044280442804428,False
vegas | line 3-7 | ATS away | edge>=0pt,976,0.5133196721311475,-0.020026080476900104,0.5124140166836122,0.019875561700656807,-0.06666666666666662,0.028017923036373224,False
vegas | line 3-7 | ATS any | edge>=0pt,976,0.5133196721311475,-0.020026080476900104,0.5124140166836122,0.019875561700656807,-0.06666666666666662,0.02799156562994201,False
neural_qbfeat | line 3-7 | ML favs | edge>=0.05,552,0.6884057971014492,-0.020109704537197886,0.47692131956736583,-0.04422259924394289,0.006580140748893923,0.02691091196626252,False
linear | total>=48 | OU over | edge>=0.0pt,226,0.5132743362831859,-0.02011263073209971,0.752168807713366,0.05931263858093131,-0.23020527859237527,0.039167105956773855,False
lean | total>=48 | OU over | edge>=0.0pt,113,0.5132743362831859,-0.020112630732099717,0.8238900626655321,-0.010101010101010059,-0.045454545454545414,0.042250922509225096,False
ensemble | wk14+ | OU any | edge>=3.0pt,302,0.5132450331125827,-0.020168573148705547,0.7140983531355066,0.0513833992094862,-0.08037694013303764,0.03721665788086453,False
linear_qb | total<=44 | ATS away | edge>=0pt,493,0.513184584178499,-0.02028397565922916,0.6374862536171532,-0.008897485493230117,-0.030655391120507355,0.03405376910911966,False
neural_qbfeat | total<=44 | OU any | edge>=3.0pt,495,0.5131313131313131,-0.02038567493112944,0.6351151675307999,-0.03175293605915611,-0.012078830260648406,0.033869267264101215,False
ensemble | line 3-7 | ATS any | edge>=1pt,686,0.5131195335276968,-0.020408163265306083,0.5758258875511454,-0.02470355731225292,-0.015437392795883312,0.031259884027411707,False
lean | line>7 | ML any | edge>=0.10,137,0.7956204379562044,-0.020451448163500974,0.6887711880429381,0.02593869337942552,-0.08363802026507329,0.03616236162361624,False
lean | all games | ML any | edge>=0.10,680,0.5808823529411765,-0.020476781767739746,0.5659623052817042,0.035410543722413104,-0.08010125364325237,0.030600948866631523,False
neural_qbfeat | wk14+ | ATS any | edge>=3pt,306,0.5130718954248366,-0.020499108734402798,0.7077892442342354,-0.0893416927899686,0.07024793388429756,0.03690036900369004,False
linear | line 3-7 | ATS any | edge>=3pt,421,0.5130641330166271,-0.020513927877348265,0.6597434837823831,-0.06818181818181816,0.050564819795589064,0.03500263574064313,False
ensemble | wk14+ | ATS any | edge>=3pt,230,0.5130434782608696,-0.020553359683794424,0.7447593948134373,-0.07394843962008135,0.05397727272727277,0.03869267264101213,False
linear_qb | line<=3 | ATS home | edge>=1pt,384,0.5130208333333334,-0.020596590909090877,0.6729548434029202,0.056092843326885924,-0.09415584415584412,0.035477069056404846,False
linear | line>7 | ATS home | edge>=0pt,269,0.5130111524163569,-0.02061507265968227,0.7238615119216832,-0.04545454545454543,0.009767092411720553,0.03777016341591988,False
linear | total>=48 | ATS dogs | edge>=3pt,154,0.512987012987013,-0.020661157024793354,0.7891951389351294,0.013676588897827878,-0.1152993348115299,0.04088033737480232,False
linear_qb | all games | OU any | edge>=0.0pt,2503,0.512984418697563,-0.020666109759198012,0.2787757776669468,-0.006362959453056211,-0.03722570532915356,0.01823932525039536,False
linear_qb | line 3-7 | ML favs | edge>=0.00,867,0.6908881199538639,-0.020926191734906584,0.3502714209706181,-0.059370252262173906,0.019989272683399364,0.021402214022140223,False
lean_qb | line 3-7 | ML favs | edge>=0.00,936,0.6891025641025641,-0.02101517933250758,0.3316910716276651,-0.04548337412639689,0.006924475592322549,0.02032156035846073,False
linear | all games | OU under | edge>=1.5pt,829,0.5126658624849216,-0.021274262528786014,0.5213602678273981,-0.015624999999999951,-0.030398623458560328,0.02841328413284133,False
elo | line 3-7 | ML any | edge>=0.00,985,0.6588832487309645,-0.021375151534361488,0.369983949952087,-0.03959221987138943,1.8844834951703146e-05,0.022403795466526096,False
neural_qbfeat | line 3-7 | OU any | edge>=1.5pt,675,0.5125925925925926,-0.02141414141414137,0.5603562803689383,0.0017482517482517955,-0.048523823443437544,0.030258302583025833,False
lean_qb | all games | ML favs | edge>=0.05,1023,0.7028347996089932,-0.02150596747019439,0.29338232798824265,-0.029530240159204225,-0.011567809172646099,0.018792830785450715,False
linear | line 3-7 | ML favs | edge>=0.00,851,0.6897767332549941,-0.02151138462925688,0.3424538593187434,-0.05920684003699009,0.01809155165453029,0.02098049551924091,False
elo | line 3-7 | ATS dogs | edge>=0pt,638,0.512539184952978,-0.02151610145340549,0.5695024661247566,-0.0009962640099625856,-0.04895104895104891,0.03081180811808118,False
elo | total<=44 | OU over | edge>=3.0pt,718,0.5125348189415042,-0.021524436566219253,0.546039928943673,-0.013422818791946267,-0.027272727272727223,0.02962572482867686,False
elo | all games | OU over | edge>=3.0pt,718,0.5125348189415042,-0.021524436566219253,0.546039928943673,-0.013422818791946267,-0.027272727272727223,0.029678439641539274,False
elo | total<=44 | OU any | edge>=3.0pt,718,0.5125348189415042,-0.021524436566219253,0.546039928943673,-0.013422818791946267,-0.027272727272727223,0.029652082235108065,False
elo | wk7-13 | ML any | edge>=0.00,904,0.6592920353982301,-0.021575400294985506,0.390419352394864,-0.05156996258147794,0.015546582732851663,0.02329994728518714,False
lean_qb | total<=44 | ML any | edge>=0.05,636,0.6226415094339622,-0.02157847541588101,0.5166489747835094,0.01789070645642119,-0.056376748190869325,0.028255139694254083,False
lean_qb | total>=48 | ML favs | edge>=0.05,260,0.6884615384615385,-0.021655278910341736,0.6057275030547452,-0.02172154790174314,-0.021516429595024485,0.032656826568265684,False
ensemble | line>7 | ML any | edge>=0.00,599,0.8146911519198664,-0.02172432372916366,0.2946060915128691,-0.0045510696860535625,-0.046537923448596204,0.018871903004744336,False
linear | total>=48 | ML any | edge>=0.00,702,0.6452991452991453,-0.021899862794423904,0.45901931346669256,-0.03499847973701505,0.004980777192110967,0.026041117554032683,False
neural_qbfeat | line 3-7 | ATS dogs | edge>=0pt,689,0.5123367198838897,-0.021902625676210534,0.5473452368390387,-0.02290622763063703,-0.020661157024793347,0.029810226673695307,False
linear | line>7 | ATS home | edge>=1pt,203,0.5123152709359606,-0.021943573667711574,0.7441369825895693,-0.06951871657754005,0.0454545454545455,0.03866631523458092,False
linear | all games | ATS any | edge>=1pt,1950,0.5123076923076924,-0.021958041958041918,0.3098214017190688,-0.024203069657615067,-0.019182652210175104,0.019425408539799686,False
linear | line 3-7 | ATS dogs | edge>=0pt,529,0.5122873345935728,-0.021996906684997385,0.5965568277700091,0.0041322314049587255,-0.05841217605923482,0.032103321033210334,False
linear_qb | all games | ATS any | edge>=1pt,1954,0.5122824974411464,-0.022006141248720537,0.3082676005695605,-0.012903225806451568,-0.033371691599539656,0.019346336320506065,False
lean | wk7-13 | ATS away | edge>=0pt,408,0.5122549019607843,-0.022058823529411718,0.6412133893867078,0.028605015673981254,-0.08884297520661154,0.03426462836056932,False
neural_qbfeat | line<=3 | ATS any | edge>=0pt,898,0.512249443207127,-0.02206924478639397,0.4887048875928012,-0.009313626240129543,-0.03482486333265839,0.02727991565629942,False
elo | total<=44 | ML any | edge>=0.00,1073,0.6402609506057781,-0.022105071723841525,0.36911572223053557,0.009661062837641845,-0.04860400106743792,0.022377438060094887,False
linear | line 3-7 | OU any | edge>=0.0pt,982,0.5122199592668024,-0.02212553230883165,0.4678841546783737,0.01386748844375968,-0.06450312437008664,0.026410121244069586,False
ensemble | line<=3 | ATS away | edge>=1pt,246,0.5121951219512195,-0.022172949002217248,0.7163983115298229,0.1026645768025079,-0.13356643356643352,0.03745387453874539,False
lean_qb | wk7-13 | ML favs | edge>=0.00,783,0.6998722860791826,-0.02237458844836094,0.34352564044058165,-0.04596660017079767,0.006215730842388633,0.02105956773853453,False
lean_qb | wk1-6 | ML favs | edge>=0.05,360,0.6861111111111111,-0.02238057151373996,0.5307553738494704,-0.04256299916004078,0.0009440304966556014,0.028782287822878228,False
linear | total>=48 | ATS dogs | edge>=0pt,373,0.5120643431635389,-0.022422617596880284,0.6506706704497425,0.02062937062937067,-0.1214802896218825,0.03471270426989984,False
elo | line 3-7 | ML favs | edge>=0.00,898,0.688195991091314,-0.022442907438775347,0.3102440449064558,-0.04999367319572515,0.008219474215429968,0.019478123352662097,False
lean | total<=44 | ATS away | edge>=3pt,166,0.5120481927710844,-0.022453450164293495,0.7628483705103246,0.004784688995215353,-0.04545454545454542,0.03953610964681076,False
neural_qbfeat | wk14+ | OU any | edge>=0.0pt,748,0.5120320855614974,-0.022484200291686886,0.5197913252709183,0.013589503280224974,-0.06136363636363632,0.028386926726410123,False
linear_qb | wk14+ | ATS home | edge>=1pt,334,0.5119760479041916,-0.02259118127381596,0.666017164883664,-0.08124999999999996,0.03134796238244519,0.0352925672113864,False
elo | all games | ATS dogs | edge>=0pt,1684,0.5118764845605701,-0.022781256748002545,0.32753920331462155,0.003576751117734766,-0.054143515782007295,0.0202161307327359,False
ensemble | line>7 | ATS any | edge>=0pt,590,0.511864406779661,-0.022804314329738007,0.5621612923095854,-0.03177910914300595,-0.009807619766125956,0.030390089615181866,False
vegas | wk7-13 | ML any | edge>=0.00,904,0.6858407079646017,-0.022831453415769924,0.3145444362422215,-0.05472572889961589,0.016641659806811728,0.019636267791249343,False
vegas | wk7-13 | ML favs | edge>=0.00,904,0.6858407079646017,-0.022831453415769924,0.3145444362422215,-0.05472572889961589,0.016641659806811728,0.01966262519768055,False
elo | total>=48 | ML favs | edge>=0.05,283,0.696113074204947,-0.022902205101597847,0.5623383031941825,-0.06624240272001992,0.07805496111543238,0.030416447021613075,False
neural_qbfeat | all games | ATS any | edge>=0pt,2464,0.5117694805194806,-0.022985537190082603,0.23204871601580906,-0.03968689920351547,-0.0035885167464114387,0.016051660516605167,False
neural_qbfeat | wk14+ | ML any | edge>=0.00,755,0.6635761589403973,-0.02299595537550205,0.4075612590511971,-0.03279457584474484,-0.012358226523534051,0.023985239852398525,False
elo | line>7 | ML favs | edge>=0.10,160,0.83125,-0.023064061409935603,0.5156573287719235,0.00689388117155688,-0.06800097528217434,0.02820242488139167,False
linear | line 3-7 | ML any | edge>=0.00,985,0.6436548223350254,-0.023154849530356233,0.35496031081220414,-0.06432045135028068,0.02518974245242478,0.02158671586715867,False
linear_qb | line<=3 | ATS home | edge>=0pt,471,0.5116772823779193,-0.023161551823972157,0.599007892386586,0.029249011857707553,-0.07317993210109386,0.03228782287822878,False
lean | line<=3 | OU under | edge>=3.0pt,129,0.5116279069767442,-0.02325581395348833,0.7832130573510572,-0.1003134796238244,0.1363636363636364,0.040484976278334216,False
lean | all games | ML any | edge>=0.05,1403,0.631503920171062,-0.023340882421203316,0.28594446285757275,0.02117980060343526,-0.0753619587220175,0.018476541908276228,False
neural_qbfeat | wk7-13 | ATS away | edge>=0pt,432,0.5115740740740741,-0.023358585858585825,0.6115974438478204,0.0030816640986132938,-0.05519480519480515,0.032973115445440175,False
linear_qb | line>7 | ATS home | edge>=1pt,217,0.511520737327189,-0.02346041055718471,0.718220127042242,-0.015151515151515117,-0.03496503496503495,0.037506589351607805,False
lean | line 3-7 | ATS home | edge>=1pt,391,0.5115089514066496,-0.0234829109509416,0.6272667221891147,-0.05002174858634185,0.0069930069930070355,0.03350026357406431,False
linear_qb | wk1-6 | OU over | edge>=1.5pt,348,0.5114942528735632,-0.02351097178683381,0.646566426302966,0.001490312965722844,-0.05123966942148756,0.034422772799156565,False
linear_qb | line 3-7 | OU under | edge>=1.5pt,352,0.5113636363636364,-0.02376033057851235,0.6411701079188742,0.030021141649048667,-0.10816191108161904,0.03423827095413811,False
elo | all games | ATS home | edge>=3pt,440,0.5113636363636364,-0.023760330578512363,0.6021594774247331,-0.02643969576240489,-0.020202020202020162,0.03249868212967844,False
ensemble | all games | ATS home | edge>=1pt,925,0.5113513513513513,-0.023783783783783742,0.44889167478732117,-0.03399999999999996,-0.011764705882352906,0.02551396942540854,False
lean | line 3-7 | ATS any | edge>=0pt,976,0.5112704918032787,-0.023938152011922464,0.4336638912775765,-0.005530591081921821,-0.045454545454545414,0.0249868212967844,False
ensemble | total>=48 | ML any | edge>=0.00,702,0.6581196581196581,-0.023973595872004535,0.39530096334781434,-0.037721388725862094,0.004239265984607533,0.023484449130205587,False
vegas | total<=44 | OU under | edge>=0.0pt,1068,0.5112359550561798,-0.024004085801838576,0.4114665760429515,-0.04152637485970815,-0.00937207122774128,0.024169741697416976,False
vegas | total<=44 | OU any | edge>=0.0pt,1068,0.5112359550561798,-0.024004085801838576,0.4114665760429515,-0.04152637485970815,-0.00937207122774128,0.024143384290985767,False
ensemble | wk7-13 | OU any | edge>=0.0pt,896,0.5111607142857143,-0.024147727272727227,0.44924543590590854,0.023826979472140825,-0.08363636363636359,0.02561939905113337,False
linear_qb | line 3-7 | ATS dogs | edge>=3pt,225,0.5111111111111111,-0.024242424242424197,0.7041581351769527,-0.026737967914438457,-0.0189393939393939,0.036742224565102795,False
lean | line 3-7 | ML favs | edge>=0.00,915,0.687431693989071,-0.024276265005468985,0.26786214384986423,-0.04989764076438048,0.004749349490640562,0.017764891934633632,False
lean | line 3-7 | ML any | edge>=0.00,985,0.6639593908629442,-0.024396289180483182,0.29345623049105146,-0.040590198799280726,-0.005378276118230882,0.01881918819188192,False
lean | wk14+ | ATS home | edge>=1pt,272,0.5110294117647058,-0.024398395721925082,0.6741786209798742,-0.13825757575757575,0.10369318181818185,0.035582498682129676,False
lean_qb | line>7 | OU over | edge>=1.5pt,272,0.5110294117647058,-0.024398395721925096,0.674178620979874,-0.1023479831426851,0.07287753568745309,0.03555614127569847,False
linear_qb | all games | ATS any | edge>=0pt,2464,0.5109577922077922,-0.024535123966942105,0.20209920611347143,-0.007964844822850821,-0.04377990430622005,0.014707432788613601,False
elo | wk1-6 | ML any | edge>=0.05,522,0.6091954022988506,-0.02461191077753233,0.5158067542526595,0.018234358028393318,-0.07456959349315516,0.02822878228782288,False
linear_qb | wk7-13 | ML favs | edge>=0.10,199,0.6934673366834171,-0.024708788263234967,0.6013743572352845,-0.007971764790457445,-0.06169221109824336,0.03239325250395361,False
neural_qbfeat | wk7-13 | ATS any | edge>=0pt,879,0.5108077360637088,-0.024821594787465054,0.44109584191832646,-0.023805060918462937,-0.026072911859713842,0.025197680548234055,False
lean | wk7-13 | ATS any | edge>=0pt,879,0.5108077360637088,-0.024821594787465057,0.44109584191832646,-0.00018744142455478068,-0.055145362251961205,0.025224037954665265,False
ensemble | wk7-13 | ATS away | edge>=0pt,417,0.5107913669064749,-0.02485284499672985,0.5955897118900245,0.04796905222437142,-0.11888111888111882,0.031997891407485504,False
linear_qb | wk7-13 | ML favs | edge>=0.05,430,0.6976744186046512,-0.024896590323494238,0.4351743802015365,-0.028393342439518,-0.020039990162350103,0.025013178703215608,False
linear_qb | total>=48 | ML dogs | edge>=0.00,116,0.41379310344827586,-0.02493348393697722,0.8203536743331294,-0.032527484750454326,-0.00934579805668209,0.041934633632050605,False
ensemble | line<=3 | ATS dogs | edge>=0pt,613,0.5106035889070146,-0.025211330268426473,0.5136533166603229,0.059153175591531805,-0.10195412064570941,0.028070637849235636,False
lean_qb | line 3-7 | OU any | edge>=1.5pt,615,0.510569105691057,-0.02527716186252767,0.5118667661666764,-0.017213555675094094,-0.03511650804069572,0.02796520822351081,False
lean | all games | ATS dogs | edge>=1pt,1279,0.5105551211884285,-0.025303859549363813,0.3433708383569224,-0.014576141158419601,-0.038732394366197145,0.021033210332103324,False
neural_qbfeat | total<=44 | ATS away | edge>=0pt,525,0.5104761904761905,-0.02545454545454541,0.5417543505804278,-0.05714285714285709,0.002272727272727318,0.029335793357933584,False
neural_qbfeat | wk14+ | ATS dogs | edge>=1pt,433,0.5103926096997691,-0.025614108754986317,0.5772349862962787,-0.10856498873027795,0.07948595906711095,0.031338956246705324,False
linear | line<=3 | ATS home | edge>=1pt,386,0.5103626943005182,-0.025671219971738064,0.5979386942108058,0.020202020202020245,-0.06968158744808486,0.032156035846072746,False
lean | wk1-6 | OU over | edge>=3.0pt,145,0.5103448275862069,-0.025705329153604968,0.7469960937622935,-0.07528409090909087,0.01346801346801351,0.038824459673168166,False
linear_qb | total>=48 | ATS away | edge>=1pt,292,0.5102739726027398,-0.02584059775840593,0.6445010656447507,0.0052700922266140085,-0.10160427807486627,0.03429098576700053,False
linear_qb | line 3-7 | ATS any | edge>=0pt,976,0.5102459016393442,-0.025894187779433635,0.39707716974061297,-0.04545454545454541,-0.0030303030303029783,0.023537163943068002,False
elo | all games | ML any | edge>=0.05,1504,0.6309840425531915,-0.025942186150643618,0.22139037301924075,-0.0010871914409012415,-0.05526387556184693,0.015629942013705853,False
lean | line 3-7 | ML dogs | edge>=0.10,70,0.35714285714285715,-0.025965176611025896,0.8702432764004674,0.05774494891894734,-0.18640958387680792,0.04428044280442805,False
lean | line 3-7 | ML dogs | edge>=0.05,70,0.35714285714285715,-0.025965176611025896,0.8702432764004674,0.05774494891894734,-0.18640958387680792,0.04425408539799684,False
lean | line 3-7 | ML dogs | edge>=0.00,70,0.35714285714285715,-0.025965176611025896,0.8702432764004674,0.05774494891894734,-0.18640958387680792,0.04422772799156563,False
lean | wk14+ | ATS any | edge>=0pt,735,0.5102040816326531,-0.02597402597402593,0.4611374715444229,-0.07044264635887668,0.022147823847540604,0.026146547179757514,False
lean_qb | all games | OU any | edge>=0.0pt,2503,0.5101877746703956,-0.02600515744742668,0.1730043278287436,-0.01489203276247204,-0.03887147335423193,0.013574064312071693,False
vegas | line 3-7 | OU any | edge>=0.0pt,982,0.5101832993890021,-0.026013701166450617,0.39345258267790184,0.003081664098613295,-0.0602701068332997,0.02337901950448076,False
vegas | line 3-7 | OU under | edge>=0.0pt,982,0.5101832993890021,-0.026013701166450617,0.39345258267790184,0.003081664098613295,-0.0602701068332997,0.023405376910911966,False
neural_qbfeat | line>7 | ML any | edge>=0.00,599,0.8080133555926544,-0.0261490548367123,0.22173762512005762,-0.022062181352324715,-0.0320541699937458,0.01565629942013706,False
neural_qbfeat | wk14+ | OU under | edge>=0.0pt,347,0.5100864553314121,-0.026198585276395025,0.6099346945152835,0.0504567203131797,-0.14229249011857703,0.032814971006852926,False
lean | line<=3 | ATS dogs | edge>=0pt,596,0.5100671140939598,-0.02623550945698592,0.502759316685362,0.053977272727272776,-0.10123966942148757,0.02764891934633632,False
neural_qbfeat | wk7-13 | ATS home | edge>=0pt,447,0.5100671140939598,-0.026235509456985925,0.5618291243760464,-0.04928806133625407,0.0027548209366391697,0.03033737480231945,False
lean_qb | wk14+ | OU any | edge>=1.5pt,498,0.5100401606425703,-0.026286966046002145,0.5394577580064076,-0.012285012285012243,-0.04146063141879036,0.029204006325777545,False
linear | total<=44 | ATS away | edge>=1pt,400,0.51,-0.02636363636363632,0.5813940134006236,-0.021943573667711557,-0.03091832025842172,0.031549815498154984,False
linear_qb | line<=3 | ATS home | edge>=3pt,200,0.51,-0.026363636363636322,0.6971806368701343,0.020702070207020744,-0.07438016528925616,0.03642593568792831,False
ensemble | wk14+ | OU under | edge>=3.0pt,100,0.51,-0.026363636363636322,0.7839957965525776,0.1266766020864382,-0.2657342657342656,0.040590405904059046,False
vegas | line 3-7 | ML favs | edge>=0.00,985,0.6842639593908629,-0.0269685027448118,0.20363016311703622,-0.05654488743102526,0.007765794502573528,0.014786505007907222,False
vegas | line 3-7 | ML any | edge>=0.00,985,0.6842639593908629,-0.0269685027448118,0.20363016311703622,-0.05654488743102526,0.007765794502573528,0.014760147601476016,False
linear | line 3-7 | ML favs | edge>=0.05,550,0.6854545454545454,-0.026974136108902126,0.3411053577690523,-0.06900213203081279,0.02129239045766717,0.02087506589351608,False
elo | line 3-7 | ATS away | edge>=1pt,310,0.5096774193548387,-0.026979472140762427,0.6195899910439305,0.016675632060247487,-0.07930367504835587,0.03318397469688983,False
ensemble | wk7-13 | ATS any | edge>=0pt,879,0.5096700796359499,-0.026993484331368257,0.40220806441090734,0.019493908153702017,-0.08421781264420854,0.02374802319451766,False
ensemble | all games | ML favs | edge>=0.05,1079,0.7015755329008341,-0.027000514915715423,0.1751578161295309,-0.01817873684893083,-0.0386051285529235,0.013679493937796522,False
lean | line 3-7 | OU under | edge>=1.5pt,259,0.5096525096525096,-0.027027027027026973,0.6495813899743429,0.03259005145797603,-0.12181818181818177,0.034633632050606225,False
linear_qb | wk14+ | ML any | edge>=0.05,506,0.6304347826086957,-0.027149914756632205,0.4592795584492888,-0.032799996664233576,-0.020529861706094967,0.02606747496046389,False
neural_qbfeat | line>7 | OU under | edge>=0.0pt,261,0.5095785440613027,-0.02716823406478574,0.6466036369486784,0.055865921787709535,-0.20842572062084253,0.03444913020558777,False
lean | wk7-13 | ATS home | edge>=0pt,471,0.5095541401273885,-0.0272148233931673,0.5367353342781783,-0.02659001077973406,-0.027939949958298536,0.029072219293621512,False
ensemble | all games | ML any | edge>=0.00,2517,0.6515693285657529,-0.02731094887826255,0.07395461661238659,-0.02971855370982771,-0.02452580190087355,0.00782814971006853,False
lean | total>=48 | ML any | edge>=0.05,337,0.6379821958456974,-0.027336605012330505,0.5223848886234324,0.004736001086248897,-0.08844044938979644,0.028492356352134953,False
lean | line<=3 | ATS away | edge>=1pt,265,0.5094339622641509,-0.027444253859348143,0.6407181367864381,0.04784688995215316,-0.1033057851239669,0.03421191354770691,False
elo | wk14+ | ATS home | edge>=0pt,371,0.5094339622641509,-0.027444253859348157,0.5805034048787794,-0.07528409090909087,0.023869984763839554,0.031497100685292566,False
lean | wk1-6 | OU any | edge>=1.5pt,532,0.5093984962406015,-0.027511961722487977,0.5068016489685938,-0.10046224961479193,0.06329113924050637,0.027754348972061152,False
linear_qb | all games | ML any | edge>=0.05,1669,0.609946075494308,-0.02753379046606496,0.18687683164813268,-0.016921048574794758,-0.041251634037061204,0.014180284659989457,False
elo | total<=44 | ATS any | edge>=1pt,801,0.5093632958801498,-0.02757916241062304,0.41397442192649403,-0.0252525252525252,-0.029658284977433867,0.024354243542435428,False
linear | wk7-13 | ATS away | edge>=3pt,161,0.5093167701863354,-0.02766798418972328,0.7143239035472563,0.029411764705882398,-0.12634822804314325,0.03726937269372694,False
ensemble | all games | ATS any | edge>=1pt,1777,0.5092853123241418,-0.0277280401084565,0.22096841143243492,-0.014979870798614322,-0.04308594631175272,0.015577227200843438,False
linear_qb | line>7 | ML any | edge>=0.10,152,0.7763157894736842,-0.027799520430228118,0.5676455807390869,0.031188149788606657,-0.15560613923770342,0.030706378492356353,False
ensemble | line 3-7 | ATS any | edge>=0pt,976,0.5092213114754098,-0.02785022354694482,0.3624212580736135,-0.001901140684410599,-0.05818181818181815,0.02198207696362678,False
neural_qbfeat | wk7-13 | OU under | edge>=0.0pt,434,0.5092165898617511,-0.027859237536656856,0.5438894485952437,0.023715415019762893,-0.11795166858457991,0.029414865577227202,False
lean | wk7-13 | ATS dogs | edge>=0pt,597,0.509212730318258,-0.027866605756052938,0.47623161403358705,0.0026975991367683212,-0.06748251748251745,0.0268318397469689,False
lean_qb | wk7-13 | ML favs | edge>=0.05,352,0.7017045454545454,-0.0278990146061726,0.4238655790922448,-0.03439756685585525,-0.018729824445661458,0.02477596204533474,False
elo | total<=44 | ML favs | edge>=0.05,467,0.7173447537473233,-0.027951962809875528,0.3387177896440339,0.05109808795370767,-0.09716044098843432,0.02069056404849763,False
linear_qb | wk7-13 | ATS away | edge>=1pt,328,0.5091463414634146,-0.027993348115299292,0.5961935482201233,0.012987012987013038,-0.08884297520661154,0.032050606220347916,False
neural_qbfeat | wk7-13 | ATS away | edge>=1pt,328,0.5091463414634146,-0.027993348115299296,0.5961935482201233,0.03030303030303036,-0.1072596468279921,0.03202424881391671,False
neural_qbfeat | all games | OU any | edge>=1.5pt,1752,0.5091324200913242,-0.028019925280199212,0.21941304028299846,-0.013368983957219213,-0.045454545454545414,0.01547179757511861,False
ensemble | line 3-7 | ATS home | edge>=1pt,387,0.5090439276485789,-0.02818886539816769,0.5620571164219207,-0.054812834224598886,0.001490312965722844,0.03036373220875066,False
linear | line 3-7 | ML any | edge>=0.05,684,0.6198830409356725,-0.028270633520174625,0.3769828347327835,-0.07356647353661692,0.03181568486898352,0.022799156562994204,False
ensemble | wk1-6 | ML favs | edge>=0.10,133,0.6917293233082706,-0.028293526919910623,0.6266266715831715,-0.0793116247863373,0.03973060356865829,0.033473906167633107,False
lean_qb | line>7 | ATS dogs | edge>=3pt,167,0.5089820359281437,-0.028307022318998325,0.7028468179083517,-0.054545454545454494,0.01612903225806456,0.03666315234580918,False
lean_qb | all games | ML any | edge>=0.10,618,0.5728155339805825,-0.028348707981699334,0.449210339004673,0.03312196685773857,-0.09697692715175674,0.025593041644702164,False
ensemble | total>=48 | ATS away | edge>=1pt,224,0.5089285714285714,-0.028409090909090867,0.6571043479876559,4.833624052789797e-17,-0.08264462809917351,0.03494992092778071,False
elo | wk7-13 | ATS away | edge>=3pt,112,0.5089285714285714,-0.028409090909090867,0.7544049781497981,0.06779661016949157,-0.1355060034305317,0.039272535582498685,False
linear_qb | wk1-6 | ML any | edge>=0.00,858,0.6165501165501166,-0.028496899734547415,0.31448758325243537,-0.02169476692543998,-0.03624895632747034,0.019609910384818133,False
neural_qbfeat | wk7-13 | OU any | edge>=3.0pt,395,0.5088607594936709,-0.028538550057537356,0.5531589251581427,-0.0007736943907156288,-0.06931818181818178,0.029942013705851346,False
linear_qb | all games | ATS away | edge>=3pt,511,0.5088062622309197,-0.02864259028642586,0.4982389448948869,-0.013146853146853104,-0.05571847507331374,0.02741170268845546,False
neural_qbfeat | line>7 | ATS away | edge>=3pt,228,0.5087719298245614,-0.028708133971291825,0.650838964441716,-0.007272727272727219,-0.0699300699300699,0.034765419082762254,False
neural_qbfeat | line>7 | ML any | edge>=0.05,337,0.7922848664688428,-0.028782208647236778,0.35708788038811123,-0.03552184101061989,-0.018444727428213074,0.021639430680021086,False
ensemble | total<=44 | ML any | edge>=0.00,1073,0.641192917054986,-0.028899703965390336,0.23293944569249753,-0.0029217182228663376,-0.050570228824111225,0.016157090142329994,False
linear | total>=48 | ML any | edge>=0.05,440,0.6068181818181818,-0.028907488673859904,0.47627971427258564,-0.0014624905605346904,-0.0936441636129247,0.026858197153400105,False
neural_qbfeat | wk7-13 | ML favs | edge>=0.05,448,0.6897321428571429,-0.028917217987499116,0.362649727543706,-0.06310199485695661,0.015034637987517646,0.022008434370057988,False
ensemble | wk7-13 | ATS home | edge>=0pt,462,0.5086580086580087,-0.028925619834710703,0.515544198577704,-0.007272727272727228,-0.05445969125214404,0.028176067474960466,False
linear | total>=48 | ML any | edge>=0.10,243,0.5596707818930041,-0.028927287634497457,0.6341726387184425,-0.023482243932571516,-0.045534670925371584,0.03379019504480759,False
linear_qb | wk14+ | ATS home | edge>=0pt,405,0.508641975308642,-0.02895622895622892,0.5423245444044316,-0.05519480519480515,-0.004349717268377513,0.029388508170795996,False
lean_qb | wk14+ | ATS dogs | edge>=0pt,464,0.5086206896551724,-0.028996865203761723,0.5135995735024048,-0.06765327695560248,0.019417475728155383,0.028044280442804426,False
neural_qbfeat | wk7-13 | ATS dogs | edge>=0pt,639,0.5086071987480438,-0.029022620571916315,0.44271518274131205,-0.01570950296162757,-0.045454545454545414,0.02532946758039009,False
neural_qbfeat | line 3-7 | ATS home | edge>=1pt,407,0.5085995085995086,-0.029037301764574443,0.5401949213142051,-0.11024269847799255,0.06744868035190622,0.02928307854507117,False
vegas | all games | ATS away | edge>=0pt,2464,0.5085227272727273,-0.02918388429752062,0.12925729202163017,-0.009406756385608306,-0.052153110047846854,0.010938323668950976,False
vegas | all games | ATS any | edge>=0pt,2464,0.5085227272727273,-0.02918388429752062,0.12925729202163017,-0.009406756385608306,-0.052153110047846854,0.010911966262519768,False
lean_qb | all games | OU any | edge>=3.0pt,885,0.5084745762711864,-0.029275808936825843,0.3620107518076666,-0.04351834777798263,-0.011363636363636324,0.021955719557195573,False
lean_qb | line<=3 | ATS dogs | edge>=0pt,594,0.5084175084175084,-0.02938475665748388,0.4537047962918802,0.05236106649534217,-0.10377082724349601,0.02575118608328941,False
lean_qb | total>=48 | ML any | edge>=0.05,326,0.6319018404907976,-0.029446273283220862,0.5030507321626124,-0.008505431549356068,-0.06945823873899816,0.02767527675276753,False
neural_qbfeat | total<=44 | ML favs | edge>=0.05,526,0.6939163498098859,-0.029469509764224713,0.31032171051112895,-0.012300860218740646,-0.04398756078338843,0.019530838165524513,False
ensemble | all games | OU any | edge>=3.0pt,962,0.5083160083160083,-0.02957852957852954,0.33692917311257803,-0.014427255345037329,-0.04762890867674463,0.020558777016341595,False
lean | wk14+ | OU over | edge>=0.0pt,482,0.508298755186722,-0.02961146737080343,0.4965474968175939,-0.05347593582887695,-0.006333830104321862,0.02738534528202425,False
lean_qb | wk7-13 | ML any | edge>=0.00,904,0.6603982300884956,-0.02962227868288569,0.2293278940488332,-0.03532013783626885,-0.022570472799985745,0.015972588297311543,False
ensemble | total<=44 | ATS away | edge>=3pt,181,0.5082872928176796,-0.029633350075338964,0.6774948323243423,0.027972027972028017,-0.08787878787878782,0.03574064312071692,False
linear | line>7 | ATS dogs | edge>=1pt,303,0.5082508250825083,-0.029702970297029663,0.5890190609510016,-0.07044264635887668,0.03977272727272733,0.03173431734317343,False
ensemble | line 3-7 | OU any | edge>=0.0pt,982,0.5081466395112016,-0.02990187002406957,0.3266955664462522,-0.0005136106831021562,-0.06450312437008664,0.020189773326304693,False
lean | wk14+ | OU any | edge>=0.0pt,748,0.5080213903743316,-0.03014098201263972,0.3883421865641671,-0.01101218369259601,-0.05075757575757572,0.023220875065893515,False
lean_qb | total<=44 | ML any | edge>=0.10,328,0.5609756097560976,-0.03019213696714262,0.5669868532781782,0.05855830269716935,-0.10970842683979208,0.030680021085925147,False
elo | total>=48 | ATS away | edge>=0pt,313,0.5079872204472844,-0.03020621550972985,0.5765446393026482,0.012804097311139604,-0.12181818181818177,0.03131259884027412,False
linear | total>=48 | ML favs | edge>=0.00,589,0.6876061120543294,-0.03022557093829801,0.2757164541943189,-0.05395318279102108,0.018836209819676247,0.018028465998945704,False
linear_qb | wk14+ | ATS dogs | edge>=1pt,315,0.5079365079365079,-0.030303030303030262,0.5741005694140411,-0.07125307125307122,0.02797202797202801,0.031128096995255667,False
lean_qb | all games | ATS away | edge>=3pt,315,0.5079365079365079,-0.030303030303030262,0.5741005694140411,0.06779661016949157,-0.15612648221343867,0.031180811808118082,False
lean_qb | wk1-6 | OU any | edge>=3.0pt,315,0.5079365079365079,-0.030303030303030262,0.5741005694140411,-0.1125307125307125,0.08671328671328678,0.031154454401686876,False
elo | line<=3 | ML any | edge>=0.05,551,0.5045372050816697,-0.030377508642979733,0.4710508441420922,0.03642148017063361,-0.09317796643605988,0.026620980495519243,False
ensemble | wk1-6 | OU any | edge>=3.0pt,317,0.5078864353312302,-0.030398623458560325,0.5716729694578949,-0.0804378867206092,0.0454545454545455,0.030890880337374804,False
linear | total<=44 | OU over | edge>=3.0pt,382,0.5078534031413613,-0.030461684911946646,0.5336710675857907,-0.0699300699300699,-0.0032180209171359113,0.028861360042171852,False
neural_qbfeat | total>=48 | ATS dogs | edge>=1pt,382,0.5078534031413613,-0.030461684911946656,0.5336710675857906,-0.0158562367864693,-0.06085043988269791,0.028835002635740643,False
neural_qbfeat | wk14+ | ATS dogs | edge>=0pt,510,0.5078431372549019,-0.030481283422459853,0.471532666217976,-0.09284332688588004,0.046650717703349324,0.02664733790195045,False
ensemble | wk7-13 | ATS dogs | edge>=0pt,640,0.5078125,-0.030539772727272686,0.4188975041147771,0.013204672422549565,-0.08607350096711795,0.0246178176067475,False
lean | total<=44 | ATS dogs | edge>=1pt,583,0.5077186963979416,-0.030718852331202206,0.43779019523452156,-0.04864700516874426,-0.011843790012804056,0.02506589351607802,False
elo | all games | ML favs | edge>=0.05,1106,0.7079566003616636,-0.0307529729343465,0.11127042197666291,-0.0261200296682751,-0.036450745902700435,0.009831312598840274,False
elo | total<=44 | ATS any | edge>=0pt,1044,0.5076628352490421,-0.03082549634273768,0.2971651643157496,-0.04144385026737965,-0.021927016645326463,0.01889826041117554,False
linear | total<=44 | ATS any | edge>=0pt,1044,0.5076628352490421,-0.03082549634273768,0.2971651643157496,-0.01336898395721921,-0.04545454545454542,0.01892461781760675,False
elo | all games | ATS away | edge>=0pt,1182,0.5076142131979695,-0.030918320258421745,0.2658255296885425,0.0027244049326068677,-0.0698407431984074,0.017659462308908802,False
neural_qbfeat | line<=3 | ATS home | edge>=1pt,396,0.5075757575757576,-0.030991735537190045,0.5190727898854276,-0.032010243277848856,-0.029806259314456,0.028360569319978914,False
ensemble | wk1-6 | OU any | edge>=0.0pt,859,0.5075669383003493,-0.03100857233569686,0.3415410803350566,-0.04337492572786686,-0.01681818181818177,0.020901423299947288,False
lean | wk14+ | OU under | edge>=0.0pt,266,0.5075187969924813,-0.031100478468899472,0.5962458322607498,0.0563636363636364,-0.14420062695924757,0.03207696362677913,False
neural_qbfeat | total>=48 | ML any | edge>=0.05,466,0.6051502145922747,-0.03113567852094047,0.4292944594670479,-0.030677654654783656,-0.032180747060622225,0.024855034264628362,False
linear | all games | OU any | edge>=3.0pt,1074,0.5074487895716946,-0.03123412899949209,0.28397652691747644,-0.02673796791443846,-0.03719008264462805,0.018371112282551397,False
lean_qb | line 3-7 | ML favs | edge>=0.05,472,0.684322033898305,-0.03129681838622217,0.3052051687855097,-0.05371025267743702,-0.004504945768351394,0.019240906694781235,False
lean_qb | wk1-6 | OU any | edge>=1.5pt,546,0.5073260073260073,-0.03146853146853142,0.4418079273801401,-0.09569377990430618,0.049211119459053376,0.025250395361096467,False
linear | all games | ATS any | edge>=0pt,2464,0.5073051948051948,-0.03150826446280988,0.1014766292232677,-0.013732491073880757,-0.05215311004784685,0.009304164470216132,False
linear_qb | all games | OU any | edge>=1.5pt,1786,0.5072788353863382,-0.03155858698971796,0.1625972086440759,-0.006357279084551765,-0.06369426751592352,0.012967843964153928,False
lean | line 3-7 | OU over | edge>=0.0pt,550,0.5072727272727273,-0.03157024793388426,0.4386608987964065,-0.052272727272727235,-0.010101010101010059,0.025118608328940435,False
ensemble | total>=48 | ML favs | edge>=0.00,626,0.6837060702875399,-0.03165927270823226,0.2426043377576522,-0.054752864707938914,0.017170461619505677,0.016631523458091723,False
ensemble | all games | ATS away | edge>=1pt,852,0.5070422535211268,-0.03201024327784887,0.32817263653636064,0.005211349160393804,-0.07802433786685752,0.020268845545598314,False
neural_qbfeat | all games | ML favs | edge>=0.00,2070,0.6932367149758454,-0.03226865063647275,0.027060574484285987,-0.04513699751791574,-0.017703961426683002,0.003690036900369004,False
ensemble | wk1-6 | ML any | edge>=0.00,858,0.6258741258741258,-0.032274582365794925,0.24067457707083373,-0.0015080868772925356,-0.06733764580281637,0.016552451238798102,False
lean_qb | line 3-7 | ATS away | edge>=1pt,290,0.506896551724138,-0.03228840125391845,0.5656739864767661,0.02975206611570254,-0.11418181818181813,0.03057459146020032,False
linear | total>=48 | ATS dogs | edge>=1pt,294,0.5068027210884354,-0.03246753246753242,0.560830562376892,-0.0051216389244557545,-0.10437710437710435,0.030284659989457036,False
lean | line>7 | ATS dogs | edge>=1pt,369,0.5067750677506775,-0.03252032520325199,0.5137680301259978,-0.06205533596837939,0.01635055591890129,0.02809699525566684,False
ensemble | wk14+ | ML any | edge>=0.05,430,0.641860465116279,-0.03253833409469462,0.39815561677177286,-0.059591335208400986,-0.0017167557114172098,0.023589878755930417,False
neural_qbfeat | wk14+ | ATS away | edge>=3pt,148,0.5067567567567568,-0.032555282555282505,0.6798097548993849,-0.0559440559440559,0.004784688995215353,0.03581971534001054,False
ensemble | line>7 | ML favs | edge>=0.00,594,0.8164983164983165,-0.03260380639781915,0.08771388651600703,-0.02010719312201871,-0.050780698435347056,0.00867158671586716,False
elo | line>7 | ATS dogs | edge>=3pt,223,0.5067264573991032,-0.032613126783530316,0.6111807731979467,-0.052422030524220266,-0.0010570824524312474,0.03294675803900896,False
ensemble | total>=48 | ATS any | edge>=3pt,150,0.5066666666666667,-0.03272727272727269,0.6761494006544297,0.05648720211827012,-0.22823984526112176,0.0356615709014233,False
ensemble | line<=3 | ATS dogs | edge>=1pt,452,0.5066371681415929,-0.032783588093322574,0.4661144641812013,0.03812316715542527,-0.09825918762088971,0.026383763837638376,False
linear_qb | line 3-7 | ATS any | edge>=1pt,766,0.5065274151436031,-0.03299311654403035,0.33933359771437915,-0.060957603881037714,0.002985074626865714,0.020743278861360043,False
neural_qbfeat | line 3-7 | ML favs | edge>=0.10,290,0.6793103448275862,-0.03300083985325315,0.40185400573934765,-0.07343574829950685,0.01817459114903667,0.023695308381655247,False
elo | line>7 | ATS dogs | edge>=0pt,462,0.5064935064935064,-0.03305785123966939,0.4574706885025527,-0.05232177894048393,-0.003952569169960427,0.02590933052187665,False
linear_qb | total>=48 | ML any | edge>=0.00,702,0.6410256410256411,-0.033080316425334835,0.26009797845013366,-0.05929691707871122,0.020720707524202804,0.017501317870321564,False
neural_qbfeat | line>7 | ML favs | edge>=0.00,588,0.8163265306122449,-0.03327482062953156,0.08292440286928997,-0.023852061985044876,-0.046842029134248904,0.00848708487084871,False
linear | line 3-7 | ML dogs | edge>=0.00,134,0.35074626865671643,-0.03359207811868116,0.7706834029909714,-0.08754476939814206,0.10270945774522003,0.03990511333684765,False
linear | line 3-7 | ML dogs | edge>=0.05,134,0.35074626865671643,-0.03359207811868116,0.7706834029909714,-0.08754476939814206,0.10270945774522003,0.039878755930416454,False
linear | line 3-7 | ML dogs | edge>=0.10,134,0.35074626865671643,-0.03359207811868116,0.7706834029909714,-0.08754476939814206,0.10270945774522003,0.03985239852398524,False
neural_qbfeat | wk1-6 | ML favs | edge>=0.10,211,0.6729857819905213,-0.033629615254603944,0.48032455117030526,-0.04429426019662412,-0.013040925713759477,0.02704269899841856,False
linear_qb | total<=44 | OU over | edge>=3.0pt,405,0.5061728395061729,-0.033670033670033635,0.4787086305625794,-0.09511297950604304,0.012147335423197535,0.027016341591987347,False
neural_qbfeat | total<=44 | ML favs | edge>=0.00,863,0.6952491309385863,-0.03375493768846937,0.13362167914694043,-0.019089180782265243,-0.04556731511292249,0.011228255139694256,False
elo | wk1-6 | OU any | edge>=3.0pt,409,0.5061124694376528,-0.033785285619026405,0.47503069099128403,-0.05397727272727269,-0.00933660933660929,0.02680548234053769,False
lean_qb | all games | ATS any | edge>=0pt,2464,0.5060876623376623,-0.03383264462809913,0.07867559499139759,-0.016616314199395726,-0.05382775119617221,0.008144438587243015,False
lean | all games | ATS any | edge>=0pt,2464,0.5060876623376623,-0.03383264462809913,0.07867559499139759,-0.016616314199395722,-0.05382775119617221,0.008118081180811807,False
linear_qb | wk14+ | ML favs | edge>=0.00,642,0.7071651090342679,-0.033904172981688005,0.18216941526938105,-0.045166139413102845,-0.02191796433603427,0.013943068002108592,False
elo | line>7 | ML any | edge>=0.00,599,0.8046744574290484,-0.03395872634434375,0.10743262884675911,-0.018238131584996535,-0.05667338162927812,0.009646810753821825,False
lean | all games | ML favs | edge>=0.05,1039,0.7025986525505293,-0.03395948421928166,0.09101042819846308,-0.01217933495659968,-0.0607406548791889,0.008803373748023193,False
lean | total>=48 | ATS away | edge>=1pt,251,0.5059760956175299,-0.0340456356392611,0.5732714178668552,-0.000534759358288733,-0.10437710437710435,0.03104902477596205,False
neural_qbfeat | wk14+ | ML any | edge>=0.10,295,0.5796610169491525,-0.034169345959096736,0.5216875654177864,-0.07113809737318061,0.005663181972979538,0.028439641539272538,False
linear | all games | ML favs | edge>=0.05,1244,0.6889067524115756,-0.03417508618127904,0.07121196917472064,-0.035239863541910124,-0.03280496825399641,0.007538218239325251,False
lean_qb | wk7-13 | ATS dogs | edge>=3pt,172,0.5058139534883721,-0.034355179704016865,0.6384711940248072,-0.10675562969140945,0.09090909090909095,0.03413284132841329,False
linear | line<=3 | OU under | edge>=3.0pt,172,0.5058139534883721,-0.03435517970401687,0.6384711940248071,-0.0631313131313131,0.014204545454545497,0.03410648392198208,False
ensemble | wk1-6 | OU under | edge>=1.5pt,259,0.5057915057915058,-0.03439803439803435,0.5631864391083505,-0.09969008264462807,0.10405257393209205,0.03046916183447549,False
ensemble | line 3-7 | OU under | edge>=3.0pt,174,0.5057471264367817,-0.03448275862068961,0.6352588502634389,0.026737967914438547,-0.16694214876033053,0.03389562467053242,False
vegas | line>7 | ATS dogs | edge>=0pt,435,0.5057471264367817,-0.03448275862068961,0.4520829942384567,-0.049197860962566814,-0.013636363636363594,0.025672113863995785,False
lean_qb | total<=44 | ATS any | edge>=0pt,1044,0.5057471264367817,-0.03448275862068961,0.2435797463288538,-0.037433155080213866,-0.03201024327784887,0.016710595677385347,False
ensemble | total<=44 | ATS any | edge>=0pt,1044,0.5057471264367817,-0.03448275862068961,0.2435797463288538,-0.00534759358288766,-0.05889884763124196,0.016736953083816553,False
linear | all games | ML favs | edge>=0.00,2059,0.6911121903836814,-0.03454840731890454,0.01853541556233269,-0.052407461892838944,-0.014222837419598074,0.003083816552451239,False
linear_qb | total>=48 | ML favs | edge>=0.00,586,0.6860068259385665,-0.03469299998958309,0.211599409293884,-0.06459644936704634,0.026671370087086272,0.015208223510806538,False
linear | line>7 | OU under | edge>=1.5pt,178,0.5056179775280899,-0.034729315628191995,0.6289302468581263,0.03278688524590168,-0.1818181818181818,0.033552978386926724,False
linear_qb | total<=44 | OU any | edge>=3.0pt,538,0.5055762081784386,-0.034809057113889784,0.3984295331746035,-0.10419580419580415,0.03008502289077833,0.023616236162361623,False
elo | line 3-7 | OU under | edge>=0.0pt,449,0.5055679287305123,-0.03482486333265839,0.44037269164162585,-0.0012940795858944808,-0.09090909090909087,0.02514496573537164,False
elo | all games | ATS any | edge>=3pt,809,0.5055624227441285,-0.03483537476120908,0.2998485010977151,-0.010743801652892524,-0.06356245380635621,0.019056404849762787,False
vegas | total<=44 | ATS dogs | edge>=0pt,633,0.5055292259083728,-0.034898750538560924,0.35835454696947106,-0.0386363636363636,-0.03193407159412821,0.0216921454928835,False
lean_qb | line 3-7 | ATS home | edge>=0pt,546,0.5054945054945055,-0.03496503496503492,0.39282261550179437,-0.04545454545454541,-0.022727272727272686,0.02335266209804955,False
neural_qbfeat | wk14+ | ML any | edge>=0.05,507,0.6252465483234714,-0.03496999643206219,0.3401223423614847,-0.04323079397468574,-0.025995302805508175,0.020795993674222458,False
elo | wk7-13 | ATS any | edge>=3pt,275,0.5054545454545455,-0.03504132231404954,0.5438937203135082,0.03067484662576691,-0.13068181818181815,0.02944122298365841,False
elo | line>7 | ML favs | edge>=0.00,588,0.814625850340136,-0.035195694161220155,0.06766440711013709,-0.022767103135564362,-0.05321715114842107,0.007274644175013179,False
linear_qb | wk1-6 | ML any | edge>=0.05,589,0.5755517826825127,-0.0351958245290885,0.3417703043575893,-0.020008662773029387,-0.05564706227230752,0.020927780706378494,False
ensemble | all games | ATS any | edge>=0pt,2464,0.505275974025974,-0.035382231404958636,0.06593382509737515,-0.01084866794836579,-0.06387559808612436,0.00716921454928835,False
elo | line 3-7 | ML any | edge>=0.05,599,0.6327212020033389,-0.035408785830553194,0.2787001746963643,-0.04697806855580821,-0.020628257329847157,0.018212967843964156,False
linear | wk1-6 | OU any | edge>=0.0pt,859,0.5052386495925495,-0.03545348714149641,0.27689960131731023,-0.039215686274509776,-0.031136363636363597,0.018107538218239325,False
linear_qb | wk1-6 | ATS any | edge>=3pt,386,0.5051813471502591,-0.035562882713141744,0.46518615404332536,-0.01726121979286531,-0.0646735814521049,0.02633104902477596,False
linear_qb | wk14+ | ATS dogs | edge>=0pt,388,0.5051546391752577,-0.03561387066541702,0.46338797788956143,-0.05421184320266885,-0.0117647058823529,0.02622561939905113,False
lean | wk7-13 | OU any | edge>=3.0pt,291,0.5051546391752577,-0.03561387066541702,0.5256710619349317,0.027113237639553468,-0.12499999999999997,0.028650500790722195,False
neural_qbfeat | line 3-7 | ATS any | edge>=0pt,976,0.5051229508196722,-0.03567436661698953,0.24348062199032514,-0.07086069823712406,0.005454545454545491,0.016657880864522932,False
linear | total<=44 | OU any | edge>=3.0pt,491,0.505091649694501,-0.035734123310498016,0.4076671509805753,-0.10909090909090907,0.026315789473684254,0.02401159725882973,False
linear_qb | all games | ATS home | edge>=1pt,990,0.5050505050505051,-0.03581267217630849,0.2383072801776762,-0.03808353808353804,-0.03332049306625573,0.016499736425935687,False
neural_qbfeat | line<=3 | OU any | edge>=3.0pt,396,0.5050505050505051,-0.035812672176308506,0.4562956197242531,-0.027272727272727226,-0.04545454545454541,0.025856615709014236,False
lean_qb | all games | OU any | edge>=1.5pt,1586,0.5050441361916772,-0.03582483090679808,0.13530843065147755,-0.043234672304439704,-0.02704733283245675,0.011412756984712705,False
lean | total>=48 | ML favs | edge>=0.00,629,0.6804451510333863,-0.03586410693625553,0.1859533672996067,-0.05861843925165284,0.013303545805557761,0.014127569847127042,False
ensemble | all games | OU any | edge>=0.0pt,2503,0.5049940071913703,-0.03592053172556564,0.059897946487195264,-0.01489203276247203,-0.06026645768025073,0.006589351607801793,False
linear_qb | all games | ML favs | edge>=0.00,2064,0.6918604651162791,-0.03596921426130043,0.013778548127347844,-0.05639980227141171,-0.012837060894480222,0.0026357406431207174,False
lean | total>=48 | ML any | edge>=0.00,702,0.6538461538461539,-0.03600792392365559,0.19694138608937262,-0.04887171895676797,-0.009609179333964081,0.014496573537163944,False
lean | line 3-7 | ML any | edge>=0.10,256,0.59765625,-0.03603915823882708,0.5152090795648683,-0.023289972958788985,-0.05118562622109456,0.028149710068529257,False
lean | line<=3 | ATS dogs | edge>=3pt,204,0.5049019607843137,-0.036096256684491936,0.5906093688556022,0.09090909090909095,-0.1383748994368463,0.031787032156035844,False
lean_qb | line>7 | OU under | edge>=0.0pt,204,0.5049019607843137,-0.036096256684491936,0.5906093688556022,0.02473262032085566,-0.1577540106951871,0.031813389562467057,False
linear | all games | OU any | edge>=1.5pt,1743,0.5048766494549627,-0.03614457831325297,0.11417662968089441,-0.023625023625023587,-0.05156559189849838,0.010094886663152346,False
lean | all games | ATS home | edge>=1pt,929,0.5048439181916039,-0.03620706527057437,0.24816015258014942,-0.049398948159278686,-0.02185903983656788,0.01697416974169742,False
linear | wk7-13 | ATS dogs | edge>=1pt,414,0.5048309178743962,-0.036231884057970974,0.4409005153114608,-0.008583690987124418,-0.07182320441988946,0.02517132314180285,False
lean_qb | line>7 | ML favs | edge>=0.00,595,0.8134453781512605,-0.03634945305150295,0.058313605412410305,-0.02288309342478919,-0.055992531349973854,0.006483921982076964,False
lean_qb | line>7 | ML any | edge>=0.00,599,0.8096828046744574,-0.0364175099594438,0.06661039110203122,-0.014869762370093687,-0.06755180647630069,0.007195571955719557,False
lean_qb | wk7-13 | ML any | edge>=0.05,469,0.6289978678038379,-0.0364601793254864,0.3243959510526862,-0.018350654564315356,-0.06213089741477523,0.020137058513442278,False
linear | line>7 | ML favs | edge>=0.05,334,0.8083832335329342,-0.03651855321105071,0.1610497671821592,-0.011584638965463228,-0.0809840336156817,0.01275698471270427,False
linear | line>7 | ML favs | edge>=0.00,581,0.8141135972461274,-0.03660294881767069,0.05897251002957741,-0.024542694922834913,-0.05435974816921613,0.006536636794939378,False
lean | line>7 | ML favs | edge>=0.00,590,0.8135593220338984,-0.03661266825967889,0.057410107426154454,-0.02500371394102139,-0.05354239330772111,0.0063257775434897206,False
vegas | line>7 | ML favs | edge>=0.00,599,0.8130217028380634,-0.036619193397447236,0.055908903204527266,-0.025643310675001647,-0.05247822394334822,0.006193990511333685,False
vegas | line>7 | ML any | edge>=0.00,599,0.8130217028380634,-0.036619193397447236,0.055908903204527266,-0.025643310675001647,-0.05247822394334822,0.006220347917764893,False
lean_qb | line<=3 | ML any | edge>=0.10,278,0.45323741007194246,-0.03664064102535309,0.5718156908767104,0.058720607770216246,-0.12162243416970399,0.03091723774380601,False
lean | total>=48 | ATS dogs | edge>=1pt,327,0.5045871559633027,-0.03669724770642197,0.48807185747082077,0.007089241034195205,-0.12427022518765633,0.027253558249868217,False
linear_qb | total<=44 | OU under | edge>=1.5pt,220,0.5045454545454545,-0.036776859504132196,0.5691347260062919,-0.10816191108161907,0.08105147864184013,0.030785450711649977,False
linear | line 3-7 | ATS any | edge>=1pt,775,0.5045161290322581,-0.03683284457478001,0.2833539358711262,-0.06520376175548585,-0.0005347593582887278,0.01834475487612019,False
lean_qb | total<=44 | ATS any | edge>=1pt,785,0.5044585987261146,-0.036942675159235626,0.27883325755827026,-0.024475524475524434,-0.0477218743251997,0.018265682656826567,False
linear_qb | line 3-7 | ML any | edge>=0.10,405,0.5802469135802469,-0.03696453825352061,0.41862746210630847,-0.09945799029733711,0.07878037644735078,0.02459146020031629,False
linear | wk7-13 | OU under | edge>=0.0pt,450,0.5044444444444445,-0.03696969696969693,0.4122471093471422,0.02146930560214698,-0.12544438801422036,0.02422245651027939,False
neural_qbfeat | total>=48 | ATS dogs | edge>=0pt,456,0.5043859649122807,-0.03708133971291862,0.4077260805832324,-0.014055023923444931,-0.08313397129186599,0.02403795466526094,False
linear | total<=44 | ML favs | edge>=0.00,859,0.6926658905704307,-0.03709208345323988,0.1007728144111086,-0.032198361766908205,-0.0410482710901901,0.009277807063784924,False
ensemble | wk7-13 | OU any | edge>=3.0pt,343,0.5043731778425656,-0.03710575139146564,0.47268752013229215,0.003748828491096593,-0.09029896278218423,0.026700052714812864,False
lean | total>=48 | ATS any | edge>=0pt,688,0.5043604651162791,-0.03713002114164901,0.30828419939475304,0.00803291536050161,-0.13068181818181815,0.01937269372693727,False
lean_qb | total>=48 | ATS any | edge>=0pt,688,0.5043604651162791,-0.03713002114164901,0.30828419939475304,0.008032915360501615,-0.13068181818181815,0.01939905113336848,False
linear_qb | line>7 | ATS dogs | edge>=0pt,345,0.5043478260869565,-0.03715415019762842,0.4708164439788565,-0.0454545454545454,-0.023923444976076493,0.026568265682656828,False
lean_qb | wk14+ | ML any | edge>=0.00,755,0.6662251655629139,-0.03718025896733524,0.16679074899999588,-0.0709111770246076,-0.0005607816289152548,0.013178703215603585,False
linear | line 3-7 | ATS home | edge>=3pt,232,0.5043103448275862,-0.03722570532915356,0.5539311340349353,-0.15644820295983083,0.11209179170344227,0.030021085925144964,False
lean | wk14+ | ATS any | edge>=3pt,232,0.5043103448275862,-0.03722570532915356,0.5539311340349353,-0.11309949892627053,0.05454545454545459,0.02999472851871376,False
lean | total>=48 | ML dogs | edge>=0.00,73,0.4246575342465753,-0.037247114130157445,0.779931356348161,0.05091613168133902,-0.15669409232637843,0.040274117026884555,False
linear_qb | all games | ATS any | edge>=3pt,1049,0.5042897998093422,-0.03726492763671025,0.20655994338079695,-0.040887342322748974,-0.03188280913399391,0.014918292040063258,False
linear_qb | wk1-6 | OU over | edge>=0.0pt,468,0.5042735042735043,-0.037296037296037254,0.39888678657320953,0.014959723820483358,-0.09090909090909088,0.023642593568792832,False
linear_qb | line>7 | ML favs | edge>=0.00,589,0.8132427843803056,-0.037323584851369,0.05301344594168414,-0.025323721003927716,-0.054896607222098937,0.006062203479177649,False
neural_qbfeat | wk1-6 | OU any | edge>=1.5pt,597,0.5041876046901173,-0.037460027409776116,0.3384019337576985,-0.06564130733315018,-0.0023923444976076133,0.020611491829204007,False
ensemble | wk14+ | ML dogs | edge>=0.00,101,0.40594059405940597,-0.03758366610371994,0.751739851915028,-0.1296954443489884,0.05637034770645392,0.03914074855034265,False
linear_qb | total>=48 | ATS dogs | edge>=0pt,365,0.5041095890410959,-0.03760896637608961,0.45270102464074663,0.014674302075876925,-0.15724815724815716,0.025698471270426994,False
elo | line 3-7 | ATS any | edge>=0pt,976,0.5040983606557377,-0.03763040238450071,0.21861857011482538,-0.041825095057034176,-0.03272727272727269,0.015366367949393781,False
elo | wk14+ | ATS dogs | edge>=0pt,494,0.5040485829959515,-0.03772543246227453,0.38061164637128464,-0.06651069518716574,-0.0024570024570024188,0.02293094359515024,False
elo | wk7-13 | OU over | edge>=3.0pt,248,0.5040322580645161,-0.03775659824046916,0.5347332409563864,0.01584653878231864,-0.07979071288423803,0.028940432261465473,False
neural_qbfeat | line>7 | ATS away | edge>=0pt,373,0.5040214477211796,-0.037777236168657045,0.4457433597786535,-0.04545454545454541,-0.025974025974025934,0.025408539799683712,False
neural_qbfeat | wk14+ | ML favs | edge>=0.00,639,0.704225352112676,-0.03782873104744974,0.13880236526707512,-0.04312227629791617,-0.03217543029452444,0.011544544016868741,False
lean_qb | all games | ML any | edge>=0.00,2517,0.6495828367103695,-0.03795526201255414,0.0118862243764406,-0.03541418936953378,-0.040894806201138126,0.0022667369530838164,False
neural_qbfeat | all games | OU any | edge>=0.0pt,2503,0.5037954454654414,-0.038208695020520794,0.045363883562644154,-0.024842618290123835,-0.053683385579937265,0.005324196099103848,False
lean | total<=44 | ML any | edge>=0.00,1073,0.6346691519105312,-0.03822838050324087,0.11604060971827293,-0.0018279584337884734,-0.06859317703297212,0.01025303110173959,False
lean | line>7 | ML any | edge>=0.00,599,0.8046744574290484,-0.038231219360309196,0.06367703649480756,-0.025247072823220525,-0.056991986193490385,0.0069319978914074865,False
neural_qbfeat | line<=3 | OU any | edge>=0.0pt,927,0.5037756202804746,-0.038246543100911995,0.22303777458563573,-0.037154150197628424,-0.03932256180650181,0.015761729045861886,False
lean_qb | line 3-7 | ATS any | edge>=1pt,663,0.5037707390648567,-0.0382558617852735,0.3028238331127637,-0.04020979020979017,-0.035877166311948885,0.019161834475487614,False
lean | all games | ML any | edge>=0.00,2517,0.6456098529996027,-0.038273241800368236,0.01218245051509895,-0.03573641285198401,-0.04120787683063276,0.002319451765946231,False
linear_qb | total<=44 | OU under | edge>=3.0pt,133,0.5037593984962406,-0.038277511961722445,0.6457506165999108,-0.12225705329153601,0.12055335968379452,0.03437005798629415,False
linear_qb | line>7 | ATS dogs | edge>=1pt,280,0.5035714285714286,-0.0386363636363636,0.4995353605957564,-0.04545454545454541,-0.026363636363636322,0.027464417501317874,False
ensemble | line 3-7 | ML favs | edge>=0.10,175,0.68,-0.038730414701222675,0.4421396206701879,-0.10090417209866097,0.030185075426058316,0.02527675276752768,False
lean | line 3-7 | OU under | edge>=3.0pt,143,0.5034965034965035,-0.03877940241576601,0.6290415741239864,-0.01710171017101706,-0.09090909090909087,0.03357933579335794,False
lean | wk1-6 | OU any | edge>=3.0pt,286,0.5034965034965035,-0.03877940241576602,0.49335687407750695,-0.14895947426067904,0.11363636363636369,0.027332630469161835,False
lean_qb | line>7 | ML favs | edge>=0.10,112,0.8035714285714286,-0.03887335119833811,0.3959438974182089,-0.007180580949222382,-0.07962119866148688,0.023510806536636796,False
lean_qb | total>=48 | ML favs | edge>=0.00,632,0.6787974683544303,-0.0388796732990211,0.15074259600598514,-0.05814267087995399,0.0024255603197951966,0.012282551396942542,False
linear_qb | total>=48 | ATS dogs | edge>=1pt,294,0.5034013605442177,-0.03896103896103892,0.4853067612031765,0.0052700922266140215,-0.14420062695924757,0.027200843437005802,False
lean | all games | OU any | edge>=0.0pt,2503,0.5033959248901319,-0.03897141611883917,0.04123401758321894,-0.04474378934542742,-0.03228840125391845,0.005060622034791777,False
lean_qb | line>7 | ATS any | edge>=0pt,590,0.5033898305084745,-0.03898305084745758,0.32201103582418406,-0.07007033081531644,0.006035458317616033,0.02000527148128624,False
linear | line<=3 | OU under | edge>=1.5pt,298,0.5033557046979866,-0.039048200122025575,0.48135941544563277,-0.1041137633316404,0.05882352941176477,0.027069056404849762,False
elo | wk14+ | OU over | edge>=0.0pt,447,0.5033557046979866,-0.03904820012202558,0.38808737890934936,-0.09667405764966737,0.009767092411720553,0.02319451765946231,False
lean_qb | line>7 | ML any | edge>=0.10,116,0.7844827586206896,-0.039137752019624564,0.45755961044113747,0.036897804689631386,-0.13271997566178573,0.025935687928307857,False
neural_qbfeat | all games | ML favs | edge>=0.10,615,0.6796747967479675,-0.03917279001290505,0.15222560102552926,-0.045970569769066154,-0.02957592447479524,0.01230890880337375,False
ensemble | wk1-6 | ATS home | edge>=1pt,306,0.5032679738562091,-0.039215686274509755,0.4736142864157115,0.007250418293363121,-0.09218054672600123,0.026752767527675275,False
elo | wk1-6 | ATS home | edge>=3pt,153,0.5032679738562091,-0.039215686274509755,0.6132274852762839,0.001108647450110907,-0.08578745198463504,0.032999472851871374,False
vegas | total>=48 | ML favs | edge>=0.00,702,0.6695156695156695,-0.0392899823949906,0.13384348797011494,-0.06403905176439458,0.011499412137003652,0.011307327358987877,False
vegas | total>=48 | ML any | edge>=0.00,702,0.6695156695156695,-0.0392899823949906,0.13384348797011494,-0.06403905176439458,0.011499412137003652,0.011280969952556669,False
neural_qbfeat | all games | ATS home | edge>=0pt,1240,0.5032258064516129,-0.03929618768328442,0.14756256727997938,-0.07550770069510696,0.002855782960495046,0.011992619926199263,False
lean | wk1-6 | ATS home | edge>=1pt,312,0.5032051282051282,-0.0393356643356643,0.467931963430208,-0.015055008685581909,-0.06392961876832841,0.02643647865050079,False
elo | wk1-6 | ML favs | edge>=0.10,145,0.7034482758620689,-0.03942925938236712,0.4634367054555732,0.025658298336865233,-0.11520283404057792,0.026251976805482344,False
lean | line 3-7 | ML any | edge>=0.05,552,0.6394927536231884,-0.0394303587217452,0.23279007783300784,-0.012585308880308036,-0.07138875139012277,0.016130732735898788,False
elo | line 3-7 | ML any | edge>=0.10,265,0.5735849056603773,-0.03944527164137017,0.49476602981162154,0.008600570287491515,-0.10820812797992448,0.027358987875593044,False
lean_qb | total<=44 | ML favs | edge>=0.05,459,0.6949891067538126,-0.03945111369761037,0.19768486638198365,-0.0332467961801873,-0.04511255343225893,0.014575645756457565,False
elo | wk7-13 | ATS home | edge>=3pt,163,0.5030674846625767,-0.03959843837144445,0.5982107088943345,0.009615384615384658,-0.12634822804314322,0.03220875065893516,False
elo | line 3-7 | ML favs | edge>=0.05,512,0.6796875,-0.03966615103745226,0.17686896925342588,-0.06631255409657177,-0.008257412112447543,0.013758566157090145,False
lean_qb | wk1-6 | OU over | edge>=3.0pt,167,0.5029940119760479,-0.03973870440936302,0.5924086168361504,-0.09440559440559437,0.008171603677221697,0.03183974696889826,False
ensemble | wk14+ | ML favs | edge>=0.05,332,0.7078313253012049,-0.03974558248265955,0.2559402268913849,-0.05017748944958565,-0.027392008442878635,0.017211386399578282,False
linear | wk14+ | OU over | edge>=3.0pt,169,0.5029585798816568,-0.03980634749865515,0.5895490501557396,-0.03201024327784887,-0.045454545454545414,0.03176067474960464,False
neural_qbfeat | line 3-7 | OU under | edge>=0.0pt,509,0.5029469548133595,-0.03982854081085904,0.3474321219321697,0.0018001800180018454,-0.10105913503971752,0.02124406958355298,False
lean | line 3-7 | ML favs | edge>=0.10,186,0.6881720430107527,-0.03983044164713935,0.4054541599291181,-0.06337176227465856,-0.016289121019620142,0.023879810226673695,False
lean | wk1-6 | OU any | edge>=0.0pt,859,0.5029103608847497,-0.03989840194729597,0.22115171582738494,-0.10992275698158048,0.0404545454545455,0.015603584607274646,False
linear_qb | total<=44 | ML favs | edge>=0.00,864,0.6921296296296297,-0.040028587383460906,0.075166735915883,-0.03311101999636028,-0.04566727676622361,0.00790722192936215,False
lean | total<=44 | OU any | edge>=0.0pt,1068,0.5028089887640449,-0.040091930541368705,0.17035643199995115,-0.04938271604938267,-0.03233364573570755,0.013442277279915657,False
lean | wk7-13 | ML any | edge>=0.10,208,0.5673076923076923,-0.04019189035838569,0.5347963616197633,0.02527927578414131,-0.11090074979231486,0.028966789667896682,False
linear | wk14+ | ATS home | edge>=3pt,187,0.5026737967914439,-0.04035002430724351,0.5649648086044526,-0.1973140495867768,0.09917355371900832,0.030495519240906696,False
linear_qb | line 3-7 | ATS away | edge>=3pt,187,0.5026737967914439,-0.040350024307243514,0.5649648086044526,-0.05285412262156444,-0.012539184952978014,0.030521876647337905,False
ensemble | total<=44 | ATS away | edge>=1pt,374,0.5026737967914439,-0.04035002430724352,0.414787303562687,-0.05583003952569166,-0.0253588516746411,0.02440695835529784,False
ensemble | wk14+ | ATS home | edge>=0pt,380,0.5026315789473684,-0.04043062200956934,0.41012158512945257,-0.0962282398452611,0.014204545454545497,0.024090669478123355,False
linear_qb | line 3-7 | ML any | edge>=0.05,644,0.6133540372670807,-0.04045522723723949,0.22001081024600475,-0.0859743558157106,0.022597195312198278,0.015550869794412232,False
elo | all games | ATS dogs | edge>=1pt,1349,0.502594514455152,-0.04050138149470985,0.1195049207477779,-0.015584415584415545,-0.0703286941071957,0.01043753294675804,False
lean_qb | total>=48 | ML any | edge>=0.00,702,0.6524216524216524,-0.04051576985276702,0.14611649461205412,-0.04652047755960921,-0.028193065341334388,0.011939905113336848,False
neural_qbfeat | wk14+ | ATS any | edge>=1pt,581,0.5025817555938038,-0.04052573932092001,0.30698083019450345,-0.13842975206611566,0.06993006993006996,0.01931997891407486,False
lean_qb | line<=3 | ATS dogs | edge>=3pt,197,0.5025380710659898,-0.040609137055837526,0.5521240178331248,0.026392961876832887,-0.10052447552447549,0.029915656299420137,False
lean | all games | ATS any | edge>=1pt,1775,0.5025352112676056,-0.04061459667093466,0.07328355070206441,-0.034551118663268154,-0.0478056426332288,0.007749077490774909,False
linear | all games | OU over | edge>=3.0pt,593,0.5025295109612141,-0.040625479074045644,0.30083803216716265,-0.06780176345393732,-0.012987012987012948,0.019135477069056408,False
linear | line>7 | ML any | edge>=0.00,599,0.7963272120200334,-0.04067446173638194,0.06213446306394093,-0.0254946868169866,-0.06260768753828376,0.0068002108592514505,False
linear_qb | wk7-13 | OU under | edge>=3.0pt,203,0.5024630541871922,-0.04075235109717863,0.5446729699432529,-0.012078830260648401,-0.10909090909090906,0.029493937796520826,False
linear_qb | all games | ATS home | edge>=0pt,1238,0.5024232633279483,-0.04082831546482593,0.13274127377381748,-0.043941795130384625,-0.037591732814138044,0.01117554032683184,False
lean | line>7 | OU under | edge>=0.0pt,207,0.5024154589371981,-0.04084321475625819,0.5398054975189233,0.002616088947024241,-0.12967914438502667,0.02925672113863996,False
elo | wk1-6 | ATS any | edge>=0pt,850,0.5023529411764706,-0.040962566844919744,0.2114977292855053,0.002586035408792559,-0.09160305343511446,0.01518186610437533,False
linear_qb | line>7 | ML any | edge>=0.00,599,0.8030050083472454,-0.04110389946758026,0.045439052123712874,-0.025563463987110957,-0.06355824297813589,0.005350553505535056,False
linear_qb | wk7-13 | OU under | edge>=0.0pt,446,0.5022421524663677,-0.04117407256420705,0.3633480347914317,-0.0013986013986013496,-0.09677419354838705,0.022061149182920403,False
elo | line<=3 | ATS any | edge>=0pt,898,0.5022271714922049,-0.041202672605790615,0.1964152251041356,-0.00506175339137473,-0.07734359182020648,0.014470216130732736,False
lean | line 3-7 | ML favs | edge>=0.05,482,0.6804979253112033,-0.04138588309467124,0.1700042755297637,-0.02532228470222044,-0.059281295338892766,0.013389562467053244,False
elo | line>7 | ATS home | edge>=0pt,235,0.502127659574468,-0.04139264990328816,0.507763538406048,-0.052422030524220266,-0.025974025974025924,0.027807063784923564,False
linear | line 3-7 | OU over | edge>=0.0pt,472,0.5021186440677966,-0.04140986132511553,0.3469299977965501,-0.03376623376623372,-0.04965959150981174,0.021217712177121775,False
linear | total<=44 | ML favs | edge>=0.05,555,0.6864864864864865,-0.04142601577357025,0.14385264364676353,-0.03358229213142028,-0.048803504094333684,0.011755403268318398,False
elo | line>7 | ATS any | edge>=3pt,243,0.5020576131687243,-0.04152637485970815,0.49920056374001104,-0.0519480519480519,-0.025568181818181778,0.027438060094886665,False
linear | line<=3 | ATS home | edge>=0pt,486,0.5020576131687243,-0.04152637485970816,0.3384995630369421,0.01547388781431339,-0.0948931546541108,0.020637849235635216,False
elo | line<=3 | ATS away | edge>=1pt,249,0.5020080321285141,-0.04162102957283676,0.49293476074001386,0.0717703349282297,-0.13737373737373734,0.027306273062730632,False
neural_qbfeat | line>7 | ML favs | edge>=0.05,326,0.8067484662576687,-0.04172366563525365,0.11346273622672197,-0.03915283693529991,-0.04564965985146206,0.010068529256721139,False
vegas | wk7-13 | ATS dogs | edge>=0pt,518,0.5019305019305019,-0.04176904176904172,0.3202202838894944,-0.005403687221868982,-0.08659874608150467,0.01992619926199262,False
lean | total<=44 | ATS any | edge>=0pt,1044,0.5019157088122606,-0.04179728317659349,0.15761504245739155,-0.06149732620320851,-0.025288092189500597,0.012598840274117028,False
ensemble | all games | ML favs | edge>=0.00,2153,0.6855550394797957,-0.04196783324495466,0.0035916108109735703,-0.06004171081876783,-0.02089376472579022,0.0008697944122298365,False
linear_qb | wk1-6 | ML favs | edge>=0.10,205,0.6682926829268293,-0.04199947205804663,0.3848368164239021,-0.09632354989652424,0.08329638489199041,0.02311544544016869,False
lean_qb | wk14+ | ML favs | edge>=0.10,110,0.7181818181818181,-0.04206792373825253,0.47783570452245894,-0.084376481206189,0.003433732406509355,0.026989984185556145,False
lean_qb | wk7-13 | ATS dogs | edge>=0pt,576,0.5017361111111112,-0.04214015151515147,0.29022190462681713,0.001108647450110907,-0.09934017595307912,0.01863468634686347,False
ensemble | line<=3 | ATS any | edge>=1pt,618,0.5016181229773463,-0.042365401588702514,0.27069518079779836,0.006060606060606103,-0.09270927092709266,0.017923036373220874,False
ensemble | wk7-13 | ATS any | edge>=1pt,620,0.5016129032258064,-0.04237536656891492,0.26980686163523576,0.00847457627118648,-0.1100478468899521,0.017843964153927253,False
neural_qbfeat | line>7 | ATS away | edge>=1pt,325,0.5015384615384615,-0.04251748251748248,0.4232782485445677,-0.05025125628140698,-0.03030303030303025,0.024749604638903536,False
linear | wk14+ | ATS home | edge>=1pt,329,0.5015197568389058,-0.042553191489361666,0.4200364616227251,-0.12897727272727272,0.03926842388380854,0.024723247232472326,False
linear | wk14+ | ATS dogs | edge>=1pt,331,0.5015105740181269,-0.04257072232903043,0.41842931067995076,-0.11111111111111108,0.04865556978233039,0.024565102793885085,False
neural_qbfeat | wk1-6 | ATS home | edge>=1pt,331,0.5015105740181269,-0.04257072232903045,0.41842931067995065,-0.040456925273679153,-0.045454545454545414,0.024538745387453875,False
lean | wk7-13 | ATS home | edge>=1pt,345,0.5014492753623189,-0.04268774703557309,0.40742775630942024,-0.008941877794336764,-0.08080808080808077,0.02395888244596732,False
lean_qb | line 3-7 | OU over | edge>=1.5pt,347,0.5014409221902018,-0.04270369400052393,0.40589061720695985,-0.07304256437204411,-0.012539184952978014,0.023906167633104904,False
linear | all games | OU any | edge>=0.0pt,2503,0.5013983220135837,-0.04278502161043107,0.025047038374427344,-0.01631354498070801,-0.0734326018808777,0.0035055350553505533,False
elo | line 3-7 | ATS any | edge>=1pt,722,0.5013850415512465,-0.04281037522034748,0.22888272184627095,-0.025974025974025938,-0.06280991735537185,0.01591987348444913,False
lean_qb | line 3-7 | ATS home | edge>=1pt,373,0.5013404825737265,-0.04289544235924929,0.3866445741351207,-0.09821836455002281,0.020376175548589386,0.023141802846599897,False
elo | wk14+ | OU any | edge>=0.0pt,748,0.5013368983957219,-0.04290228488089445,0.21967751320322,-0.05529522024367381,-0.029545454545454486,0.015524512387981025,False
linear | line<=3 | ML favs | edge>=0.05,360,0.5833333333333334,-0.043002321047566745,0.3156276615204506,-0.009907108977442689,-0.08082542055627996,0.019794412229836585,False
elo | wk1-6 | OU under | edge>=0.0pt,395,0.5012658227848101,-0.043037974683544256,0.37135367269939845,-0.09055118110236218,0.04255319148936174,0.02245651027938851,False
lean_qb | wk7-13 | ATS away | edge>=0pt,411,0.5012165450121655,-0.04313205043132046,0.360756385514519,0.025406907502977416,-0.12937062937062935,0.021876647337901952,False
ensemble | wk14+ | ATS dogs | edge>=1pt,413,0.5012106537530266,-0.04314329738058546,0.3594610878741646,-0.09399075500770411,0.024653312788906052,0.021744860305745916,False
linear_qb | total>=48 | ML dogs | edge>=0.05,114,0.40350877192982454,-0.04316339889804124,0.6973538285772991,-0.046198410370827996,-0.03684729394116073,0.03645229309435952,False
linear_qb | line<=3 | OU any | edge>=3.0pt,421,0.501187648456057,-0.04318721658389113,0.3543429740712224,-0.06249999999999995,-0.021227503461005954,0.02150764364786505,False
linear | line 3-7 | ATS dogs | edge>=1pt,437,0.5011441647597255,-0.04327023091325145,0.3443997238678192,-0.038223140495867725,-0.050972149238045154,0.021112282551396945,False
lean | wk7-13 | ATS dogs | edge>=1pt,455,0.5010989010989011,-0.043356643356643326,0.33365687132813215,0.003208556149732656,-0.1027272727272727,0.02040063257775435,False
ensemble | wk14+ | ML any | edge>=0.10,187,0.5668449197860963,-0.04339409825644711,0.5287631226410309,-0.10488051803594012,0.025778123995482537,0.028729573010015816,False
ensemble | total>=48 | ATS dogs | edge>=0pt,473,0.5010570824524313,-0.04343647895444931,0.32335497152258863,-0.009659090909090857,-0.11408199643493758,0.020084343700579863,False
linear | line>7 | ML any | edge>=0.05,352,0.7784090909090909,-0.04345138093612796,0.1619128937593477,-0.013569637065412197,-0.09448020508458102,0.012836056931997892,False
elo | all games | ATS home | edge>=1pt,962,0.501039501039501,-0.043470043470043435,0.15834891163420686,-0.023341523341523295,-0.06695331695331691,0.012651555086979441,False
linear | line 3-7 | ATS any | edge>=0pt,976,0.5010245901639344,-0.04349850968703423,0.15507874506973748,-0.04545454545454541,-0.04121212121212116,0.012519768054823405,False
elo | all games | ML any | edge>=0.00,2517,0.6392530790623758,-0.043505624157523785,0.004918493546531163,-0.050262849426867096,-0.03568878258630401,0.0010542962572482868,False
linear | all games | ATS home | edge>=1pt,984,0.5010162601626016,-0.0435144124168514,0.15324445556980795,-0.06954986760811999,-0.014925373134328316,0.012361623616236163,False
ensemble | wk7-13 | ATS dogs | edge>=1pt,497,0.5010060362173038,-0.043533930857874485,0.3102590727415345,-0.0012940795858944934,-0.09848484848484844,0.019504480759093307,False
ensemble | wk14+ | ATS any | edge>=1pt,539,0.5009276437847866,-0.04368358913813455,0.28894611714110563,-0.12499999999999994,0.04961970300615724,0.018581971534001054,False
elo | wk7-13 | ATS dogs | edge>=0pt,605,0.5008264462809917,-0.04387678437265209,0.2590575453544492,-0.01934235976789165,-0.07312252964426873,0.017369530838165528,False
ensemble | line<=3 | ML any | edge>=0.00,933,0.5294748124330118,-0.04410898746575381,0.14560935168032085,-0.043400967054090286,-0.044809459685395334,0.011860832894043227,False
elo | wk7-13 | ML dogs | edge>=0.00,136,0.4117647058823529,-0.044262386576920276,0.6565984081299591,-0.03604065020364729,-0.054075426764375115,0.0349235635213495,False
lean | total<=44 | ATS any | edge>=1pt,821,0.5006090133982948,-0.04429188351234632,0.18430866707479185,-0.06237054085155347,-0.02752880921895002,0.013995782814971006,False
elo | all games | OU any | edge>=0.0pt,2503,0.5005992808629645,-0.04431046380706784,0.02031530719395552,-0.033371691599539656,-0.05697492163009401,0.0032946758039008963,False
vegas | wk7-13 | ATS any | edge>=0pt,879,0.5005688282138794,-0.04436860068259381,0.16877237370299078,-0.019868791002811578,-0.07452699584679276,0.013284132841328414,False
vegas | wk7-13 | ATS away | edge>=0pt,879,0.5005688282138794,-0.04436860068259381,0.16877237370299078,-0.019868791002811578,-0.07452699584679276,0.013310490247759621,False
lean_qb | wk7-13 | ATS any | edge>=0pt,879,0.5005688282138794,-0.044368600682593816,0.16877237370299067,-0.004123711340206138,-0.09390862944162433,0.013257775434897208,False
lean | total<=44 | ML favs | edge>=0.05,463,0.6997840172786177,-0.0444495230286156,0.1390454929674515,0.005072611046068113,-0.089284376923391,0.011570901423299949,False
lean | wk14+ | ML favs | edge>=0.05,317,0.7097791798107256,-0.044913542278101,0.20527111233882434,0.010345417012351973,-0.11301437238957472,0.014865577227200845,False
ensemble | total<=44 | ML favs | edge>=0.05,470,0.6978723404255319,-0.045041475466265725,0.1326066398582555,-0.015320273794549519,-0.0755313289053539,0.011149182920400633,False
lean_qb | wk14+ | OU under | edge>=1.5pt,154,0.5,-0.0454545454545454,0.556719801711279,0.03939393939393946,-0.16477272727272724,0.030152872957301003,False
lean | all games | ATS away | edge>=1pt,846,0.5,-0.0454545454545454,0.16665271135622442,-0.019548301385462083,-0.07926678226405744,0.013152345809172378,False
ensemble | wk1-6 | OU under | edge>=3.0pt,156,0.5,-0.04545454545454541,0.5541439427851346,-0.07727272727272724,0.06060606060606065,0.030047443331576176,False
lean_qb | wk14+ | ATS dogs | edge>=3pt,170,0.5,-0.04545454545454541,0.5367185637933176,-0.015311004784688944,-0.08363636363636359,0.0290458618871903,False
lean | wk7-13 | OU any | edge>=0.0pt,896,0.5,-0.04545454545454541,0.15462212530366945,-0.010813782991202302,-0.08840909090909088,0.0124934106483922,False
linear | line>7 | OU under | edge>=0.0pt,262,0.5,-0.04545454545454541,0.44240538061210555,0.03730951129795064,-0.20633299284984674,0.025303110173958882,False
ensemble | all games | OU any | edge>=1.5pt,1676,0.5,-0.04545454545454541,0.051474889366218315,-0.04972544234289197,-0.04057196000930012,0.005877701634159199,False
linear_qb | all games | ATS home | edge>=3pt,538,0.5,-0.045454545454545414,0.2703092882547682,-0.07074051776038527,-0.013097072419106275,0.01787032156035846,False
lean_qb | wk14+ | OU over | edge>=3.0pt,200,0.5,-0.045454545454545414,0.502522376435533,-0.08787878787878782,-0.01074380165289252,0.027596204533473907,False
ensemble | line 3-7 | OU over | edge>=1.5pt,352,0.5,-0.045454545454545414,0.3729277114405905,-0.08695652173913039,-0.010471204188481634,0.022614654717975753,False
elo | wk7-13 | ATS away | edge>=0pt,394,0.5,-0.045454545454545414,0.3457440916754407,-0.0012626262626262328,-0.09908069458631252,0.02116499736425936,False
lean_qb | wk7-13 | ATS home | edge>=0pt,468,0.5,-0.04545454545454542,0.3039858847451229,-0.030539772727272686,-0.06346483704974266,0.019188191881918823,False
elo | wk14+ | OU over | edge>=1.5pt,352,0.5,-0.04545454545454542,0.3729277114405903,-0.0841523341523341,-0.01737967914438499,0.022588297311544547,False
lean_qb | line>7 | ATS dogs | edge>=1pt,330,0.5,-0.04545454545454542,0.3883647649550811,-0.09667405764966737,0.03854545454545459,0.023247232472324724,False
linear | line>7 | ATS home | edge>=3pt,106,0.5,-0.04545454545454542,0.626602604167656,-0.10511363636363633,0.0454545454545455,0.033447548761201894,False
linear | wk14+ | ML dogs | edge>=0.05,125,0.392,-0.04577642211031276,0.6735846237356914,-0.05973038153520386,-0.02965719311949029,0.035529783869267265,False
lean_qb | all games | ATS dogs | edge>=1pt,1187,0.4995787700084246,-0.04625871180209845,0.09539419220127261,-0.03265140224901771,-0.06395348837209298,0.009066947812335266,False
linear | line>7 | ML favs | edge>=0.10,139,0.7985611510791367,-0.04636938175237755,0.26260821759692443,0.005065459600097521,-0.14388126848311153,0.017606747496046387,False
elo | wk7-13 | ATS any | edge>=0pt,879,0.49943117178612056,-0.04654049022649701,0.1488950108370876,-0.03167760074976566,-0.06483617904937698,0.012150764364786506,False
lean | all games | ML favs | edge>=0.00,2142,0.6830065359477124,-0.04666100336513714,0.0012526039308904293,-0.0623311150510153,-0.02815048446939511,0.00042171850289931476,False
lean_qb | wk14+ | ATS any | edge>=0pt,735,0.4993197278911565,-0.046753246753246706,0.18492873191747317,-0.08543550690147544,-0.004893123873293803,0.014074855034264628,False
neural_qbfeat | wk14+ | ATS any | edge>=0pt,735,0.4993197278911565,-0.046753246753246706,0.18492873191747294,-0.12541646834840547,0.03837239248004125,0.01404849762783342,False
elo | all games | ML favs | edge>=0.10,402,0.7189054726368159,-0.047030816642189575,0.1268247548593816,0.015798656953046507,-0.1301981545225888,0.010753821823932525,False
elo | wk14+ | OU any | edge>=1.5pt,577,0.49913344887348354,-0.047108870332440475,0.23672214984409432,-0.04545454545454542,-0.0487123797704002,0.01628887717448603,False
lean_qb | wk14+ | ML favs | edge>=0.00,667,0.697151424287856,-0.04719598609050597,0.060610451113711,-0.0655520000013592,-0.026929093759910948,0.006642066420664207,False
linear_qb | total<=44 | ML favs | edge>=0.10,280,0.6821428571428572,-0.0472572974307988,0.23790702648106343,-0.08832195371658166,0.007495577616911679,0.01647337901950448,False
ensemble | wk14+ | ATS dogs | edge>=0pt,519,0.49903660886319845,-0.047293746715711994,0.2599914857705445,-0.07883026064844242,-0.008583690987124418,0.017474960463890354,False
lean_qb | all games | ML favs | edge>=0.00,2180,0.6821100917431193,-0.047313956638445606,0.0009771947499623579,-0.06347465695844395,-0.028349705116373743,0.00036900369003690036,False
lean_qb | wk1-6 | ML any | edge>=0.00,858,0.6235431235431236,-0.04741696857334731,0.07873025475577186,-0.004991234485919901,-0.09576749345602648,0.008170795993674223,False
elo | wk7-13 | ATS home | edge>=0pt,485,0.49896907216494846,-0.047422680412371084,0.27494532143183736,-0.05610003379520104,-0.03661616161616156,0.01797575118608329,False
lean | line>7 | ATS any | edge>=1pt,457,0.4989059080962801,-0.047543266361647074,0.2880755784570218,-0.07352941176470583,-0.009336609336609295,0.01852925672113864,False
lean | total>=48 | ATS any | edge>=1pt,447,0.4988814317673378,-0.04758999389871869,0.2929564466338109,-0.000909090909090861,-0.14285714285714282,0.0187401159725883,False
linear | all games | ATS home | edge>=0pt,1255,0.49880478087649405,-0.047736327417602274,0.07681453878876782,-0.049964209019327084,-0.045454545454545414,0.008039008961518187,False
elo | all games | ATS any | edge>=0pt,2464,0.4987824675324675,-0.04777892561983467,0.013053066570527046,-0.03536116451524303,-0.06220095693779901,0.0025039536109646814,False
linear_qb | line 3-7 | ATS any | edge>=3pt,405,0.49876543209876545,-0.04781144781144777,0.31465123231277786,-0.10160427807486627,0.0436363636363637,0.019688982604111754,False
elo | line>7 | ATS dogs | edge>=1pt,393,0.49872773536895676,-0.047883414295627987,0.32122937110105587,-0.06972265023112477,-0.015055008685581881,0.019978914074855036,False
ensemble | all games | ML favs | edge>=0.10,364,0.695054945054945,-0.048018867165749726,0.1599538952432501,-0.06002161246176039,-0.03271536691333613,0.012704269899841856,False
elo | all games | ATS away | edge>=3pt,369,0.4986449864498645,-0.0480413895048041,0.33493718668300115,0.010101010101010144,-0.10909090909090906,0.020453347390616765,False
elo | line 3-7 | OU under | edge>=1.5pt,337,0.49851632047477745,-0.048287024548152105,0.3544528681925425,-0.04545454545454539,-0.05375494071146241,0.02153400105429626,False
neural_qbfeat | line 3-7 | OU over | edge>=1.5pt,331,0.4984894259818731,-0.04833836858006039,0.3582817996484972,-0.07706201083684523,-0.024242424242424208,0.021665788086452295,False
linear | wk14+ | ATS any | edge>=3pt,315,0.4984126984126984,-0.04848484848484845,0.36877259039042315,-0.13636363636363633,0.05194805194805199,0.02235108065366368,False
lean_qb | total<=44 | ML any | edge>=0.00,1073,0.6356011183597391,-0.048560597183240226,0.04155593698542946,-0.019066617959053546,-0.07316412173264723,0.005086979441222984,False
elo | wk14+ | OU under | edge>=0.0pt,301,0.4983388704318937,-0.04862579281183926,0.3783025420438239,-0.008941877794336745,-0.11016949152542364,0.022878228782287825,False
linear_qb | total>=48 | ML any | edge>=0.10,252,0.5555555555555556,-0.048862725759398117,0.4033659103066366,-0.07172561337744979,0.018297006618628636,0.023774380600948868,False
elo | line<=3 | ML favs | edge>=0.05,251,0.5816733067729084,-0.04892728944976624,0.3397141030829814,-0.009946166399285777,-0.08949301099823369,0.020769636267791252,False
lean_qb | wk7-13 | OU any | edge>=1.5pt,542,0.4981549815498155,-0.04897685340489764,0.23322526923746695,-0.01652892561983466,-0.08831168831168829,0.016183447548761203,False
lean | line 3-7 | ATS home | edge>=0pt,540,0.4981481481481482,-0.04898989898989895,0.23396749344145176,-0.06857502359232459,-0.02643969576240489,0.016236162361623615,False
linear_qb | total<=44 | OU any | edge>=0.0pt,1068,0.49812734082397003,-0.049029622063329885,0.09367372495662464,-0.08080808080808077,-0.02249297094657914,0.008961518186610437,False
elo | all games | ML favs | edge>=0.00,2112,0.6818181818181818,-0.04910776662534694,0.0007497370224319884,-0.06990646630885809,-0.024574315915075265,0.0002635740643120717,False
linear_qb | all games | OU over | edge>=0.0pt,1295,0.4980694980694981,-0.0491400491400491,0.06427284895565029,-0.045454545454545414,-0.05271897052718967,0.007011070110701107,False
lean | line<=3 | ATS any | edge>=3pt,257,0.4980544747081712,-0.049168730102582214,0.4106114128879611,0.08851674641148331,-0.15893197711379525,0.02411702688455456,False
ensemble | line 3-7 | OU over | edge>=0.0pt,512,0.498046875,-0.04918323863636359,0.24466197640020254,-0.04938271604938267,-0.04900304156809728,0.01678966789667897,False
linear | wk14+ | ML favs | edge>=0.00,629,0.6963434022257552,-0.04919621351862858,0.0577606852384728,-0.05588139552765468,-0.04204922617345265,0.006404849762783342,False
elo | total<=44 | ML favs | edge>=0.00,860,0.686046511627907,-0.049452938045328874,0.028905247216571676,-0.03871511506028293,-0.058074712056382524,0.003848181338956247,False
ensemble | wk14+ | ML any | edge>=0.00,755,0.6569536423841059,-0.04962535343941469,0.06667705328957627,-0.0724542517684972,-0.024841494203698033,0.0072219293621507644,False
linear | all games | OU over | edge>=1.5pt,914,0.49781181619256015,-0.04963198726874872,0.11650524636797713,-0.032727272727272695,-0.06602664576802503,0.010279388508170798,False
elo | wk14+ | OU under | edge>=1.5pt,225,0.49777777777777776,-0.04969696969696965,0.4366709961466885,-0.0033422459893047707,-0.1205311542390194,0.02503953610964681,False
ensemble | wk14+ | OU over | edge>=0.0pt,446,0.4977578475336323,-0.04973501834488377,0.2723045723640749,-0.07380738073807376,-0.029806259314456,0.017949393779652083,False
linear | total<=44 | ML favs | edge>=0.10,254,0.6850393700787402,-0.04980442032701818,0.2325244405446993,-0.05801192887368376,-0.04119977427003002,0.01610437532946758,False
elo | wk1-6 | OU over | edge>=3.0pt,217,0.4976958525345622,-0.04985337243401756,0.443568956232142,-0.045454545454545414,-0.052854122621564435,0.025355824986821297,False
linear | wk14+ | ML any | edge>=0.00,755,0.6450331125827815,-0.049889365651664186,0.07562493740763603,-0.05893992139782806,-0.04006376231397801,0.007959936742224566,False
linear | total<=44 | OU under | edge>=1.5pt,215,0.49767441860465117,-0.04989429175475683,0.44531905935235894,-0.15475364330326158,0.11363636363636369,0.025382182393252507,False
lean_qb | all games | ATS home | edge>=0pt,1288,0.49767080745341613,-0.04990118577075095,0.06095545796926637,-0.052483598875351416,-0.04702194357366766,0.0066684238270954144,False
lean | all games | ATS home | edge>=0pt,1276,0.49764890282131663,-0.049943003704759154,0.061954674223356966,-0.052763469302519794,-0.04698672114402447,0.006773853452820243,False
lean | wk1-6 | ATS any | edge>=0pt,850,0.4976470588235294,-0.04994652406417108,0.1277213149452376,0.010940919037199166,-0.12074947952810544,0.010832894043226148,False
elo | line<=3 | ATS any | edge>=1pt,625,0.4976,-0.050036363636363594,0.19086644039357692,0.016934046345811096,-0.11427757195782269,0.014312071692145493,False
neural_qbfeat | wk7-13 | OU any | edge>=1.5pt,623,0.49759229534510435,-0.0500510725229826,0.19144914130404903,-0.024123920771965415,-0.08507718696397937,0.0143384290985767,False
elo | all games | OU any | edge>=1.5pt,1859,0.4975793437331899,-0.05007579832754654,0.02385554118315263,-0.04058938003892129,-0.0606750880099399,0.003479177648919346,False
elo | total>=48 | ATS away | edge>=1pt,203,0.4975369458128079,-0.05015673981191218,0.45604296130104205,-0.004545454545454504,-0.15151515151515144,0.025830258302583026,False
elo | all games | ATS any | edge>=1pt,1817,0.49752339020363234,-0.05018261870215636,0.02518734557683009,-0.02097902097902094,-0.08399913625566828,0.003558249868212968,False
linear_qb | all games | ML favs | edge>=0.10,590,0.6745762711864407,-0.050288691094742634,0.07125528585916703,-0.06918946698364685,-0.014525458285345428,0.007564575645756458,False
linear | line<=3 | ML favs | edge>=0.00,627,0.5789473684210527,-0.05033918514682641,0.12133814453297188,-0.07367077558956348,-0.026933052881588572,0.010569319978914075,False
lean | wk14+ | ATS dogs | edge>=3pt,193,0.49740932642487046,-0.05040037682524725,0.4652842973823476,-0.1383748994368463,0.07386363636363641,0.02635740643120717,False
vegas | wk14+ | OU under | edge>=0.0pt,748,0.49732620320855614,-0.05055906660184731,0.1481294966243503,-0.0011715089034676173,-0.10378787878787873,0.012045334739061678,False
vegas | wk14+ | OU any | edge>=0.0pt,748,0.49732620320855614,-0.05055906660184731,0.1481294966243503,-0.0011715089034676173,-0.10378787878787873,0.012071692145492884,False
ensemble | wk14+ | OU under | edge>=1.5pt,187,0.49732620320855614,-0.05055906660184731,0.47096874718495135,0.029249011857707553,-0.178030303030303,0.026594623089088033,False
linear_qb | line 3-7 | ML favs | edge>=0.05,526,0.6692015209125475,-0.05058710117016464,0.08485322317649925,-0.09340868967378836,0.0016299413511317773,0.00856615709014233,False
elo | wk7-13 | OU over | edge>=1.5pt,358,0.4972067039106145,-0.050787201625190403,0.31543011135041593,-0.01581027667984185,-0.07937240424550066,0.01974169741697417,False
neural_qbfeat | total<=44 | OU any | edge>=0.0pt,1068,0.49719101123595505,-0.05081716036772212,0.08232087498564668,-0.07295173961840624,-0.032333645735707545,0.008460727464417502,False
lean | wk1-6 | ML any | edge>=0.00,858,0.6153846153846154,-0.050826439805649055,0.06487145692049948,-0.020193395164286258,-0.08573741586824957,0.007090142329994728,False
lean | line>7 | ATS away | edge>=0pt,354,0.4971751412429379,-0.050847457627118606,0.31758721284116254,-0.04969696969696964,-0.052854122621564435,0.019847127042699,False
elo | line<=3 | ATS home | edge>=3pt,175,0.49714285714285716,-0.050909090909090876,0.48266805514686034,0.008171603677221697,-0.11205073995771667,0.027121771217712178,False
linear | total>=48 | ATS any | edge>=0pt,688,0.49709302325581395,-0.05100422832980968,0.1618033911974685,-0.016653605015673933,-0.12215909090909086,0.012809699525566685,False
linear_qb | line 3-7 | ATS home | edge>=0pt,495,0.49696969696969695,-0.051239669421487576,0.23339827967551965,-0.11418181818181815,0.012987012987013026,0.01620980495519241,False
neural_qbfeat | all games | ML favs | edge>=0.05,1269,0.6745468873128447,-0.05127579847318984,0.0070931202684847965,-0.06317642413874644,-0.03700329767498333,0.0014496573537163943,False
elo | wk7-13 | OU over | edge>=0.0pt,479,0.4968684759916493,-0.051432909470487724,0.23935934899093486,-0.02405218100285361,-0.07528409090909087,0.016526093832366896,False
ensemble | all games | ATS home | edge>=0pt,1268,0.4968454258675079,-0.05147691425293945,0.05513163370278369,-0.04689428218839979,-0.05649887302779861,0.006114918292040064,False
ensemble | wk14+ | ML favs | edge>=0.00,654,0.6957186544342507,-0.05148500240104339,0.04244896875828659,-0.06391828445386256,-0.03785621245853007,0.0051660516605166054,False
lean | all games | OU any | edge>=1.5pt,1564,0.4968030690537084,-0.05155777726110203,0.03288072755064367,-0.053380782918149426,-0.04942630185348627,0.004348972061149183,False
neural_qbfeat | total<=44 | OU any | edge>=1.5pt,779,0.496790757381258,-0.05158128136305282,0.13214454503197942,-0.056489753021544895,-0.04765903842116309,0.011122825513969425,False
lean | line<=3 | ML favs | edge>=0.05,253,0.5810276679841897,-0.051656780030575895,0.3107295630262135,-0.02792726743716253,-0.07923980321608207,0.01955719557195572,False
vegas | wk14+ | ATS dogs | edge>=0pt,459,0.49673202614379086,-0.051693404634581074,0.24706325252296246,-0.04545454545454543,-0.05806968362034436,0.016921454928835004,False
ensemble | line<=3 | ATS any | edge>=0pt,898,0.49665924276169265,-0.05183235472767764,0.1042294538133307,-0.005061753391374734,-0.09860295606398052,0.009462308908803375,False
lean_qb | line>7 | ATS any | edge>=1pt,447,0.4966442953020134,-0.051860890787065246,0.25182521691670406,-0.08537849982716897,-0.003952569169960432,0.017158671586715867,False
elo | wk7-13 | ML dogs | edge>=0.05,135,0.4074074074074074,-0.052058474993556925,0.6026505427962577,-0.03604065020364729,-0.07148993457475879,0.03252503953610965,False
linear | total>=48 | ML favs | edge>=0.05,329,0.6656534954407295,-0.05212295628410427,0.1701155616328143,-0.03115271489563342,-0.10533776238818084,0.01341591987348445,False
lean | wk1-6 | OU over | edge>=1.5pt,284,0.4964788732394366,-0.05217669654289368,0.35858157246196565,-0.08884297520661151,-0.02033492822966503,0.021718502899314707,False
lean | wk1-6 | OU under | edge>=3.0pt,141,0.49645390070921985,-0.05222437137330749,0.5184536013217482,-0.19518716577540102,0.3216783216783218,0.0283078545071165,False
elo | line<=3 | ATS any | edge>=3pt,282,0.49645390070921985,-0.05222437137330749,0.3598501691718272,0.04265734265734272,-0.13337320574162675,0.021771217712177122,False
elo | wk14+ | ML favs | edge>=0.05,321,0.7040498442367601,-0.05224301227933863,0.1402457273425545,-0.0023267659781608203,-0.105039042020969,0.01164997364259357,False
ensemble | total<=44 | ML favs | edge>=0.00,875,0.6834285714285714,-0.05241406310173539,0.01990951139849363,-0.04443613815587087,-0.05904008026388646,0.003268318397469689,False
lean_qb | total<=44 | ATS away | edge>=3pt,137,0.49635036496350365,-0.05242203052422025,0.5229452512369238,0.014204545454545497,-0.11083437110834365,0.028518713758566155,False
linear_qb | line>7 | ATS home | edge>=0pt,272,0.4963235294117647,-0.05247326203208552,0.36628107874109994,-0.039133052378085446,-0.06912096168294513,0.02224565102793885,False
ensemble | line 3-7 | ATS home | edge>=0pt,540,0.4962962962962963,-0.05252525252525248,0.20195819988530936,-0.06547997457088363,-0.03793843951324262,0.014681075382182393,False
linear_qb | all games | OU over | edge>=1.5pt,943,0.49628844114528103,-0.05254024872264529,0.09147338081128971,-0.03544882790165805,-0.07003511509949274,0.008856088560885609,False
vegas | wk14+ | ML any | edge>=0.00,755,0.6821192052980133,-0.052606574805294286,0.030773704757505335,-0.05291918535610108,-0.052267193737705706,0.004085397996837111,False
vegas | wk14+ | ML favs | edge>=0.00,755,0.6821192052980133,-0.052606574805294286,0.030773704757505335,-0.05291918535610108,-0.052267193737705706,0.004059040590405904,False
linear | total>=48 | ATS any | edge>=3pt,262,0.4961832061068702,-0.05274115197779314,0.3728617449554447,-0.020202020202020162,-0.13698630136986298,0.022561939905113338,False
vegas | all games | ML any | edge>=0.00,2517,0.6658720699245133,-0.052836636138838454,0.00012544062871926325,-0.07779991526741636,-0.02395880681272006,2.6357406431207173e-05,False
vegas | all games | ML favs | edge>=0.00,2517,0.6658720699245133,-0.052836636138838454,0.00012544062871926325,-0.07779991526741636,-0.02395880681272006,5.2714812862414346e-05,False
lean | wk7-13 | ATS home | edge>=3pt,129,0.49612403100775193,-0.052854122621564435,0.5321223641544313,0.006142506142506197,-0.13223140495867758,0.02880864522930944,False
ensemble | line 3-7 | OU any | edge>=1.5pt,643,0.49611197511664074,-0.052877138413685805,0.16091320204276058,-0.06460015629070066,-0.03896103896103892,0.012730627306273064,False
lean | line<=3 | ML any | edge>=0.00,933,0.5241157556270096,-0.05295059418212831,0.08116290388933697,-0.038173939244700465,-0.06756971548482878,0.008276225619399051,False
lean | wk1-6 | ML favs | edge>=0.05,349,0.6790830945558739,-0.05308555565958245,0.1383033862478188,-0.034764155095182075,-0.07523357786085129,0.011518186610437534,False
ensemble | line>7 | ATS away | edge>=0pt,369,0.4959349593495935,-0.05321507760532146,0.2855503442826128,-0.045454545454545435,-0.06576402321083165,0.018423827095413813,False
lean | all games | ML favs | edge>=0.10,373,0.707774798927614,-0.05333546958880961,0.10059326847467552,-0.03863365629311329,-0.06979147651637878,0.009251449657353717,False
linear | wk14+ | ML dogs | edge>=0.00,126,0.3888888888888889,-0.05334962510943724,0.6215981841963586,-0.07355787592439202,-0.02965719311949029,0.033263046916183446,False
elo | all games | ML any | edge>=0.10,739,0.5669824086603519,-0.053362417899420866,0.12019083491444026,0.0066799920941298125,-0.12577177204089693,0.010516605166051662,False
lean_qb | wk1-6 | ATS away | edge>=3pt,119,0.4957983193277311,-0.05347593582887696,0.5439722007223557,0.10850439882697951,-0.2296650717703349,0.029467580390089617,False
lean_qb | all games | OU over | edge>=0.0pt,1418,0.49576868829337095,-0.05353250416720088,0.03493318899978268,-0.05358987603305781,-0.053475935828876976,0.004586188719030048,False
elo | total>=48 | ML favs | edge>=0.00,611,0.6710310965630114,-0.0535624198188432,0.0523248463220324,-0.08082730347701307,0.0077835684120389935,0.005930416447021613,False
elo | line 3-7 | ML favs | edge>=0.10,178,0.6797752808988764,-0.05366406518897353,0.27566348823006565,-0.012806778197424156,-0.10259192738873021,0.018002108592514495,False
linear_qb | total>=48 | OU over | edge>=0.0pt,232,0.4956896551724138,-0.053683385579937265,0.3935465601548993,0.03603104212860315,-0.27005347593582885,0.023431734317343175,False
lean_qb | wk1-6 | OU over | edge>=0.0pt,464,0.4956896551724138,-0.053683385579937265,0.22682735309629168,-0.04545454545454541,-0.06097560975609753,0.015893516078017922,False
elo | wk14+ | ML favs | edge>=0.00,641,0.6942277691107644,-0.05388979975542815,0.035774487743431435,-0.06006067170747562,-0.047134106605310803,0.004717975751186084,False
lean | line<=3 | ATS any | edge>=0pt,898,0.4955456570155902,-0.053958291152055034,0.09078928058634336,-0.013565499088884348,-0.09435108321522571,0.008777016341591988,False
lean | line<=3 | ATS dogs | edge>=1pt,448,0.4955357142857143,-0.05397727272727269,0.23248711341533254,-0.00042881646655227755,-0.1020801232665639,0.016078017923036373,False
elo | wk1-6 | ML any | edge>=0.00,858,0.6107226107226107,-0.053981767715761984,0.05266927930063423,-0.035590430532393996,-0.07494147118907664,0.005956773853452821,False
linear_qb | line 3-7 | ML favs | edge>=0.10,287,0.6689895470383276,-0.05409856051358965,0.17263390040953983,-0.11796715555532995,0.05020061304081199,0.013547706905640486,False
linear | line 3-7 | ML any | edge>=0.10,406,0.5591133004926109,-0.05411307599500788,0.247482599133088,-0.11136934186740981,0.04156515776545324,0.01694781233526621,False
linear_qb | line 3-7 | ATS home | edge>=3pt,218,0.4954128440366973,-0.054211843202668836,0.40370768031858295,-0.15151515151515146,0.07905138339920953,0.023800738007380074,False
linear | total<=44 | OU under | edge>=3.0pt,109,0.4954128440366973,-0.05421184320266885,0.5562635988783552,-0.19762845849802366,0.19318181818181823,0.030126515550869794,False
elo | wk14+ | ATS any | edge>=1pt,543,0.4953959484346225,-0.05424409844299343,0.18637898707252462,-0.10681818181818178,0.0017283097131006368,0.01415392725355825,False
elo | wk1-6 | ATS home | edge>=1pt,325,0.49538461538461537,-0.054265734265734236,0.30691042054101936,-0.00156739811912222,-0.11499096929560503,0.01929362150764365,False
elo | line<=3 | ATS away | edge>=3pt,107,0.4953271028037383,-0.05437553101104499,0.5587767600895919,0.11751662971175171,-0.1611570247933884,0.03017923036373221,False
lean | wk14+ | ML any | edge>=0.05,413,0.6343825665859564,-0.05446639337289744,0.16231743880868627,-0.03814750988144938,-0.07399697201957726,0.01294148655772272,False
lean_qb | wk14+ | ATS away | edge>=3pt,105,0.49523809523809526,-0.05454545454545451,0.561308583990998,0.09090909090909095,-0.22077922077922074,0.03031101739588825,False
neural_qbfeat | wk1-6 | ML favs | edge>=0.00,679,0.6642120765832106,-0.0546033322534012,0.03930828629034253,-0.07000055108494618,-0.037329577376761694,0.004955192409066948,False
lean | wk7-13 | ATS any | edge>=1pt,624,0.4951923076923077,-0.0546328671328671,0.15361013945720683,-0.012348922753546982,-0.1072596468279921,0.012414338429098578,False
lean | total<=44 | OU over | edge>=0.0pt,929,0.4951560818083961,-0.05470202563851645,0.08117196954449245,-0.05002174858634185,-0.058530510585305055,0.008302583025830259,False
elo | line 3-7 | ATS home | edge>=1pt,412,0.49514563106796117,-0.05472197705207409,0.24580078644488165,-0.05829596412556045,-0.05050505050505045,0.016895097522403795,False
elo | wk14+ | ATS dogs | edge>=3pt,202,0.49504950495049505,-0.054905490549054865,0.41573589887316825,-0.1383748994368463,0.051072522982635385,0.024459673168160254,False
linear | line>7 | ATS any | edge>=0pt,590,0.49491525423728816,-0.05516178736517715,0.16127457640945048,-0.05912998176608487,-0.049415314975480906,0.012783342119135477,False
elo | line 3-7 | OU any | edge>=0.0pt,982,0.49490835030549896,-0.05517496759859281,0.07052156382510132,-0.04725218284540313,-0.06450312437008662,0.0074855034264628365,False
lean_qb | total>=48 | ML dogs | edge>=0.00,70,0.4142857142857143,-0.055287384452301525,0.687205303110109,0.07565428636889349,-0.24041181561330136,0.03610964681075382,False
ensemble | wk1-6 | ML favs | edge>=0.05,363,0.6694214876033058,-0.05549528646741841,0.12133765416570441,-0.0008620406471034474,-0.12638019401909287,0.01054296257248287,False
lean_qb | wk1-6 | OU over | edge>=1.5pt,285,0.49473684210526314,-0.05550239234449757,0.3279510574537623,-0.07438016528925616,-0.039215686274509755,0.020242488139167108,False
ensemble | total<=44 | OU over | edge>=1.5pt,847,0.4946871310507674,-0.055597295266716716,0.0905938065328657,-0.07167832167832164,-0.04347826086956519,0.008750658935160782,False
elo | line<=3 | ATS home | edge>=1pt,376,0.4946808510638298,-0.055609284332688545,0.2599514743944071,-0.015624999999999958,-0.09733201581027665,0.01744860305745915,False
ensemble | wk14+ | OU any | edge>=0.0pt,748,0.4946524064171123,-0.055663587749149215,0.11138254350426141,-0.030693533270852814,-0.08257575757575754,0.00988402741170269,False
ensemble | line<=3 | ATS home | edge>=1pt,372,0.4946236559139785,-0.05571847507331374,0.2615770932856163,-0.05025125628140698,-0.062007356805044635,0.017554032683183975,False
ensemble | line 3-7 | OU any | edge>=3.0pt,370,0.4945945945945946,-0.05577395577395574,0.26239395868714593,0.0004370629370629794,-0.1279461279461279,0.017580390089615185,False
lean | wk7-13 | OU any | edge>=1.5pt,548,0.49452554744525545,-0.05590577305905769,0.1712891364782431,-0.016722408026755817,-0.1029572836801752,0.013494992092778072,False
lean | wk14+ | ML any | edge>=0.10,206,0.5922330097087378,-0.055923893427685334,0.3662239110690941,-0.08166669099879076,-0.024645010357417424,0.022219293621507645,False
lean | wk14+ | ATS away | edge>=0pt,360,0.49444444444444446,-0.05606060606060602,0.2665190199727234,-0.07869742198100403,-0.027444253859348157,0.01768581971534001,False
neural_qbfeat | total>=48 | ATS any | edge>=1pt,540,0.49444444444444446,-0.05606060606060602,0.17326729178430564,-0.048013648549841546,-0.0740337506804572,0.013600421718502901,False
lean_qb | wk7-13 | OU any | edge>=0.0pt,896,0.49441964285714285,-0.056107954545454496,0.07898766931617479,-0.006964809384164178,-0.11704545454545451,0.00819715340010543,False
linear_qb | line<=3 | ML favs | edge>=0.00,608,0.5756578947368421,-0.05610831994030221,0.08936823056403642,-0.08833571296622338,-0.02492388461748526,0.008724301528729574,False
ensemble | total<=44 | OU over | edge>=3.0pt,536,0.4944029850746269,-0.05613975576662139,0.1742649902510657,-0.062499999999999965,-0.05157342657342653,0.013653136531365316,False
ensemble | total<=44 | OU any | edge>=3.0pt,536,0.4944029850746269,-0.05613975576662139,0.1742649902510657,-0.062499999999999965,-0.05157342657342653,0.013626779124934109,False
lean_qb | total<=44 | OU any | edge>=0.0pt,1068,0.4943820224719101,-0.05617977528089883,0.054794005210375425,-0.06902356902356897,-0.0454545454545454,0.006088560885608857,False
lean_qb | line 3-7 | ML favs | edge>=0.10,175,0.6685714285714286,-0.05624710819448375,0.2680705919272737,-0.08117902726607809,-0.024515574830636374,0.017791249341064838,False
linear | total>=48 | ATS any | edge>=1pt,524,0.49427480916030536,-0.05638445523941702,0.17729279947687715,-0.027247956403269716,-0.12449334105385057,0.013811280969952558,False
neural_qbfeat | wk1-6 | OU over | edge>=0.0pt,433,0.4942263279445728,-0.0564770102876338,0.2194292243073315,-0.04545454545454541,-0.06629614926558154,0.015498154981549817,False
linear_qb | line>7 | ML favs | edge>=0.05,329,0.790273556231003,-0.05660611879248879,0.03755257384693875,-0.021251272618664826,-0.11982537762873334,0.004797047970479706,False
linear | wk14+ | ML any | edge>=0.10,290,0.5620689655172414,-0.05661157532291074,0.2999297602769686,-0.06043007638429083,-0.052040945264592166,0.019082762256193993,False
ensemble | total<=44 | OU any | edge>=1.5pt,850,0.49411764705882355,-0.05668449197860958,0.08391862176601261,-0.07406489967797865,-0.04347826086956519,0.008513442277279916,False
lean_qb | wk7-13 | ATS dogs | edge>=1pt,425,0.49411764705882355,-0.0566844919786096,0.22205770164754904,-0.011227816008692439,-0.122257053291536,0.01568265682656827,False
lean | total<=44 | ML favs | edge>=0.00,866,0.6812933025404158,-0.05691232177480527,0.011910564455604998,-0.043707284049286234,-0.06783294369126827,0.002293094359515024,False
elo | wk14+ | ATS any | edge>=3pt,247,0.4939271255060729,-0.05704821494295175,0.34944998006001043,-0.10511363636363633,-0.005347593582887659,0.0213231418028466,False
linear | wk1-6 | ATS home | edge>=3pt,164,0.49390243902439024,-0.05709534368070948,0.4461423258564867,-0.01593252108716022,-0.11668928086838531,0.02543489720611492,False
linear_qb | wk14+ | ATS any | edge>=0pt,735,0.49387755102040815,-0.057142857142857106,0.10523671236763926,-0.06544502617801043,-0.04815864022662886,0.009541381128096996,False
elo | wk14+ | ATS any | edge>=0pt,735,0.49387755102040815,-0.057142857142857106,0.10523671236763926,-0.08543550690147544,-0.026525882049961327,0.009515023721665789,False
linear | wk1-6 | ML favs | edge>=0.00,676,0.6612426035502958,-0.057426920734044866,0.03118095387216927,-0.07480343216807332,-0.03809555176368821,0.0041381128096995255,False
elo | line<=3 | OU any | edge>=3.0pt,476,0.49369747899159666,-0.05748663101604275,0.1899321203307521,-0.04545454545454541,-0.06912096168294513,0.014259356879283078,False
neural_qbfeat | total>=48 | ML favs | edge>=0.10,183,0.6612021857923497,-0.057635692865392704,0.26085406604235045,-0.07387663040518815,-0.010640639558750614,0.01752767527675277,False
linear_qb | line 3-7 | ATS home | edge>=1pt,389,0.493573264781491,-0.057723767235335316,0.23427625892950502,-0.1390374331550802,0.031941031941032,0.016262519768054824,False
elo | all games | ATS away | edge>=1pt,855,0.4935672514619883,-0.05773524720893138,0.07746761128272567,-0.018301173662223953,-0.10301507537688438,0.008065366367949394,False
elo | wk14+ | ML any | edge>=0.00,755,0.6476821192052981,-0.05785846018237969,0.03524952905822235,-0.06566167603620243,-0.04938701313665498,0.004612546125461255,False
elo | line 3-7 | OU under | edge>=3.0pt,229,0.49344978165938863,-0.057959507741167086,0.3601519538315874,-0.07585408222350891,-0.0189393939393939,0.02179757511860833,False
ensemble | total<=44 | OU any | edge>=0.0pt,1068,0.4934456928838951,-0.05796731358529107,0.04752989943712561,-0.04938271604938267,-0.06513589503280219,0.005561412756984713,False
lean | wk14+ | ATS dogs | edge>=1pt,381,0.49343832020997375,-0.05798138869005007,0.23707823644479406,-0.13782991202346037,0.04767184035476723,0.01631523458091724,False
lean | wk14+ | ML favs | edge>=0.00,656,0.6905487804878049,-0.05813856281330965,0.02242665035814213,-0.07534078103703139,-0.03951647895842356,0.003373748023194518,False
lean | line>7 | OU over | edge>=3.0pt,150,0.49333333333333335,-0.05818181818181814,0.4579970241597902,-0.0699300699300699,-0.045454545454545414,0.02596204533473906,False
lean_qb | line<=3 | ATS any | edge>=0pt,898,0.4933184855233853,-0.05821016400080983,0.06809610860156952,-0.017817371937639152,-0.09860295606398052,0.007327358987875593,False
elo | line<=3 | ATS dogs | edge>=1pt,446,0.49327354260089684,-0.0582959641255605,0.19826543428549728,0.001336898395721985,-0.10856498873027796,0.01462836056931998,False
lean_qb | line<=3 | ATS home | edge>=3pt,148,0.49324324324324326,-0.05835380835380831,0.45971798062975355,-0.05853051058530507,-0.05818181818181814,0.0260938323668951,False
neural_qbfeat | line<=3 | ATS home | edge>=0pt,517,0.4932301740812379,-0.05837875857218213,0.16531465004384094,-0.0489256198347107,-0.06912096168294513,0.013073273589878757,False
neural_qbfeat | line<=3 | OU any | edge>=1.5pt,655,0.49312977099236643,-0.05857043719639136,0.11705688244949096,-0.03680307607800051,-0.08080808080808077,0.010358460727464418,False
linear | total<=44 | OU under | edge>=0.0pt,363,0.4931129476584022,-0.05860255447032302,0.2434968096780051,-0.06993006993006988,-0.04545454545454541,0.016684238270954138,False
neural_qbfeat | line 3-7 | OU any | edge>=0.0pt,982,0.49287169042769857,-0.05906313645621178,0.05288548305008891,-0.04006163328197222,-0.08143519451723437,0.006009488666315235,False
lean | line<=3 | ATS any | edge>=1pt,627,0.49282296650717705,-0.05915615484993472,0.12147260485678747,-0.014860139860139818,-0.103030303030303,0.010595677385345283,False
ensemble | all games | OU over | edge>=3.0pt,556,0.49280575539568344,-0.059189012426422466,0.14459451521608302,-0.07341194370483067,-0.04846572985374243,0.011808118081180811,False
lean | line 3-7 | OU any | edge>=1.5pt,615,0.4926829268292683,-0.0594235033259423,0.12340943251374736,-0.025744167337087648,-0.10079051383399205,0.01062203479177649,False
linear_qb | wk7-13 | OU any | edge>=3.0pt,402,0.4925373134328358,-0.05970149253731339,0.2110847348959122,-0.05291193181818178,-0.07160647571606472,0.015129151291512917,False
lean | wk14+ | ATS any | edge>=1pt,532,0.4924812030075188,-0.05980861244019135,0.14933218554286817,-0.14123938345391632,0.037037037037037084,0.01220347917764892,False
linear | all games | ML favs | edge>=0.10,557,0.6714542190305206,-0.05981229332610042,0.03692744246713849,-0.06586261469417491,-0.05004088229033694,0.004770690564048498,False
elo | wk14+ | ATS dogs | edge>=1pt,398,0.49246231155778897,-0.05984467793513016,0.21228430260451173,-0.11822258459029752,0.014545454545454589,0.015260938323668953,False
neural_qbfeat | total<=44 | OU over | edge>=1.5pt,727,0.4924346629986245,-0.05989746154808049,0.09127625093969152,-0.07664884135472368,-0.0477218743251997,0.008829731154454401,False
lean_qb | wk1-6 | ATS home | edge>=1pt,329,0.49240121580547114,-0.05996131528046418,0.2560391533432085,-0.05709534368070949,-0.06280991735537185,0.01723774380600949,False
elo | wk14+ | ML any | edge>=0.05,433,0.6212471131639723,-0.06006544518693432,0.12471605640358496,-0.022831666876665612,-0.09924032094465782,0.010674749604638904,False
lean_qb | total>=48 | ML dogs | edge>=0.05,66,0.4090909090909091,-0.06013806929759311,0.6725492740340414,0.05270605471433144,-0.21328366617091926,0.035424354243542434,False
lean_qb | total<=44 | OU any | edge>=3.0pt,453,0.4922737306843267,-0.060204695966285325,0.18056783613320435,-0.12618724559023062,-0.0075757575757575335,0.013890353189246177,False
linear | wk14+ | ATS away | edge>=3pt,128,0.4921875,-0.06036931818181813,0.4772702108951772,-0.06931818181818178,-0.045454545454545414,0.02693726937269373,False
lean | wk1-6 | ML favs | edge>=0.10,142,0.6830985915492958,-0.06038503780184952,0.2759460269678026,-0.06822654912631052,-0.0520889461107531,0.01808118081180812,False
linear | wk14+ | ML any | edge>=0.05,511,0.6125244618395304,-0.06046259230684619,0.09828953313387308,-0.04172593928618242,-0.08195463547760756,0.009198734844491302,False
lean_qb | total<=44 | OU over | edge>=3.0pt,443,0.49209932279909707,-0.060537656474451015,0.1830532347969252,-0.1136363636363636,-0.01840264998159732,0.0139694254085398,False
neural_qbfeat | line 3-7 | ATS home | edge>=0pt,506,0.49209486166007904,-0.0605461731943945,0.15460886337204735,-0.1341669482933423,0.023014959723820526,0.012467053241960992,False
lean_qb | total<=44 | OU any | edge>=1.5pt,748,0.4919786096256685,-0.0607681088964511,0.08223843576214747,-0.09221902017291062,-0.03355248243028786,0.008434370057986295,False
linear | line>7 | ML any | edge>=0.10,157,0.732484076433121,-0.060783652105774466,0.2771988492967388,-0.0007312107707424318,-0.1632869571431567,0.01813389562467053,False
elo | all games | ML dogs | edge>=0.10,337,0.3857566765578635,-0.060915247885791744,0.3547421358433634,-0.0052524322069668625,-0.1210448327240285,0.021560358460727465,False
ensemble | wk1-6 | OU any | edge>=1.5pt,555,0.4918918918918919,-0.060933660933660885,0.1334858835181908,-0.10784313725490191,-0.003285870755750235,0.011201897733263048,False
linear | wk7-13 | OU under | edge>=3.0pt,185,0.4918918918918919,-0.0609336609336609,0.3876083618907039,0.001490312965722844,-0.18181818181818174,0.023168160253031103,False
ensemble | line>7 | ATS away | edge>=1pt,307,0.49185667752442996,-0.06100088836245183,0.26442630934747513,-0.06044740599714419,-0.0619122257053291,0.017633104902477596,False
neural_qbfeat | total<=44 | OU over | edge>=0.0pt,921,0.49185667752442996,-0.06100088836245185,0.052854071031749265,-0.06473829201101924,-0.05818181818181814,0.0059831312598840275,False
linear_qb | line>7 | ATS home | edge>=3pt,120,0.49166666666666664,-0.06136363636363633,0.4844403763880477,-0.05818181818181814,-0.06666666666666662,0.027174486030574593,False
elo | line 3-7 | ATS home | edge>=0pt,531,0.4915254237288136,-0.06163328197226498,0.1376926124209003,-0.10279473176999675,-0.014662756598240427,0.011491829204006328,False
elo | line>7 | ATS any | edge>=1pt,470,0.49148936170212765,-0.061702127659574425,0.1621505030738825,-0.05579258286839509,-0.0701837023080546,0.012888771744860306,False
linear | line>7 | ATS any | edge>=1pt,466,0.49141630901287553,-0.0618415918845103,0.16300435245346698,-0.07883026064844242,-0.034848484848484795,0.013020558777016342,False
ensemble | line 3-7 | OU under | edge>=1.5pt,291,0.49140893470790376,-0.06185567010309274,0.2706438045566005,-0.04545454545454539,-0.09179170344218883,0.01789667896678967,False
lean_qb | all games | ATS away | edge>=1pt,812,0.49137931034482757,-0.0619122257053291,0.06505700816482121,-0.018419489007724246,-0.11846510430079829,0.007116499736425936,False
elo | total<=44 | ATS away | edge>=0pt,521,0.491362763915547,-0.06194381434304655,0.13947328205170134,-0.08170310701956267,-0.0454545454545454,0.011623616236162362,False
lean_qb | total<=44 | ML favs | edge>=0.00,893,0.6763717805151176,-0.06208346944250208,0.005600724533469296,-0.05372937361996909,-0.06907959495643404,0.0011860832894043227,False
neural_qbfeat | all games | OU over | edge>=1.5pt,912,0.49122807017543857,-0.06220095693779901,0.04947477715140358,-0.08532499441590345,-0.04356435643564351,0.0057722720084343706,False
lean_qb | wk7-13 | ML dogs | edge>=0.05,117,0.41025641025641024,-0.062216845831456084,0.5547384528969346,0.029557518364050104,-0.19414249436249623,0.030100158144438588,False
linear_qb | line>7 | ATS dogs | edge>=3pt,169,0.4911242603550296,-0.06239913932221621,0.3979598019100594,-0.1136363636363636,0.038277511961722535,0.02356352134949921,False
neural_qbfeat | line<=3 | ML favs | edge>=0.00,616,0.5698051948051948,-0.06251992118305832,0.05808187810793938,-0.09697033984861332,-0.028952846585850896,0.006457564575645757,False
ensemble | wk7-13 | OU any | edge>=1.5pt,611,0.4909983633387889,-0.06263948817140302,0.10553129184092142,-0.03137570394207558,-0.10160427807486627,0.009567738534528204,False
linear_qb | line>7 | ML any | edge>=0.05,339,0.7728613569321534,-0.06271698344056942,0.03577223092248579,-0.021721778709771433,-0.1337973787399369,0.004691618344754876,False
ensemble | all games | OU over | edge>=0.0pt,1379,0.4909354604786077,-0.06275957544993074,0.01476917445787372,-0.05440340909090905,-0.06999630950916468,0.002741170268845546,False
neural_qbfeat | wk14+ | ML favs | edge>=0.05,391,0.680306905370844,-0.06276317396898172,0.061559453650496615,-0.06345777353554549,-0.062028360743301106,0.006694781233526622,False
ensemble | total<=44 | OU over | edge>=0.0pt,1027,0.4907497565725414,-0.06311410108878457,0.03439356435652626,-0.049622866216752645,-0.07397347819140433,0.004507116499736426,False
linear | total<=44 | ATS away | edge>=0pt,485,0.49072164948453606,-0.06316776007497653,0.1460085805656616,-0.05354391371340521,-0.07228915662650598,0.011913547706905642,False
linear | wk14+ | ATS any | edge>=1pt,589,0.4906621392190153,-0.06328137058187987,0.10840632370472594,-0.12449334105385057,0.006611570247933927,0.009673168160253032,False
elo | all games | ATS home | edge>=0pt,1282,0.4906396255850234,-0.06332435115586438,0.017705619836869458,-0.0703557312252964,-0.05512899262899259,0.002952029520295203,False
linear_qb | all games | ML favs | edge>=0.05,1223,0.6680294358135732,-0.06344356681215851,0.0010910351137404432,-0.06844413053196811,-0.056905093872860295,0.00039536109646810753,False
lean_qb | wk14+ | ATS home | edge>=1pt,263,0.49049429657794674,-0.06360179744210158,0.28171220241122813,-0.1296791443850267,0.00715819613457413,0.018292040063257776,False
lean | total<=44 | OU any | edge>=1.5pt,732,0.49043715846994534,-0.06371087928464972,0.0715004356989519,-0.08546543277082196,-0.045454545454545414,0.0076172904586188726,False
elo | line 3-7 | OU any | edge>=1.5pt,722,0.4903047091412742,-0.06396373709393095,0.0723348964348402,-0.06980519480519477,-0.057024793388429716,0.007696362677912494,False
linear | line>7 | ATS dogs | edge>=3pt,206,0.49029126213592233,-0.06398940864960279,0.33818714292126884,-0.12440191387559804,0.04607721046077215,0.0205851344227728,False
lean_qb | all games | ATS any | edge>=1pt,1740,0.4902298850574713,-0.06410658307210028,0.005148205381281705,-0.048491275426588216,-0.08258241131515907,0.0011597258829731155,False
neural_qbfeat | wk1-6 | ML favs | edge>=0.05,430,0.6534883720930232,-0.06412482228420102,0.05732238396747056,-0.06301828585529212,-0.06550944116644827,0.006299420137058514,False
linear | line 3-7 | ML favs | edge>=0.10,272,0.6617647058823529,-0.0642226852429041,0.11727687438885012,-0.1258450314689902,0.02118372443886431,0.010384818133895626,False
lean_qb | total<=44 | OU over | edge>=0.0pt,914,0.49015317286652077,-0.06425303361846028,0.04220916599545107,-0.061555312157721746,-0.06649662962288208,0.005139694254085399,False
neural_qbfeat | wk1-6 | OU over | edge>=1.5pt,304,0.4901315789473684,-0.0642942583732057,0.241843125986158,-0.10638297872340419,-0.027886224205242574,0.01657880864522931,False
linear_qb | total<=44 | OU over | edge>=0.0pt,706,0.49008498583569404,-0.0643832088591295,0.0736821830592473,-0.0783699059561128,-0.05463286713286709,0.007775434897206116,False
linear | line<=3 | ML favs | edge>=0.10,146,0.5684931506849316,-0.06439406118484615,0.3442313612064532,-0.03404401375057468,-0.12092846326829301,0.02108592514496574,False
ensemble | wk14+ | OU under | edge>=0.0pt,302,0.4900662251655629,-0.06441902468392527,0.24249291598620365,0.016129032258064554,-0.1935736677115987,0.016605166051660517,False
lean | all games | OU any | edge>=3.0pt,847,0.4899645808736718,-0.06461307287753565,0.04925264617849635,-0.06567796610169487,-0.06327272727272723,0.005745914602003164,False
lean | all games | OU over | edge>=0.0pt,1443,0.48995148995148996,-0.06463806463806461,0.010212204958603298,-0.08139977177634077,-0.04808414725770093,0.0021085925144965737,False
lean_qb | total>=48 | ATS away | edge>=1pt,247,0.4898785425101215,-0.06477732793522263,0.2881046804750141,-0.01721355567509409,-0.16783216783216778,0.01855561412756985,False
ensemble | total>=48 | ATS dogs | edge>=1pt,345,0.48985507246376814,-0.06482213438735174,0.20860207473259249,-0.045454545454545414,-0.10458567980691871,0.015076436478650502,False
lean | wk14+ | OU over | edge>=1.5pt,345,0.48985507246376814,-0.06482213438735175,0.20860207473259232,-0.06260206859009251,-0.06690500510725225,0.015050079072219294,False
neural_qbfeat | total>=48 | ATS any | edge>=0pt,688,0.4898255813953488,-0.06487843551797036,0.07521470425090421,-0.04956896551724134,-0.09659090909090905,0.007933579335793358,False
lean | total>=48 | ATS home | edge>=1pt,196,0.4897959183673469,-0.0649350649350649,0.3432140936350101,-0.0013986013986013563,-0.19008264462809915,0.021006852925672115,False
elo | wk1-6 | ML favs | edge>=0.05,371,0.6738544474393531,-0.06498485840726723,0.061605085981588315,-0.0830582280484077,-0.041921908190351784,0.006721138639957829,False
linear | wk14+ | ML favs | edge>=0.05,386,0.6839378238341969,-0.06521847643784795,0.051103313309261406,-0.035870125544995836,-0.09880603357077869,0.005824986821296785,False
linear_qb | wk1-6 | ML favs | edge>=0.00,668,0.6586826347305389,-0.06526552749810206,0.01466642727698741,-0.0902963625259791,-0.037715866303897776,0.0027148128624143383,False
linear | wk1-6 | ATS home | edge>=0pt,384,0.4895833333333333,-0.06534090909090905,0.18106241957640118,-0.059844677935130146,-0.07125307125307122,0.013916710595677385,False
ensemble | all games | OU over | edge>=1.5pt,956,0.4895397489539749,-0.06542411563332062,0.03438650601299561,-0.09521757862990088,-0.041879468845760943,0.0044807590933052185,False
lean | wk14+ | ML any | edge>=0.00,755,0.6490066225165563,-0.06542506591573477,0.015258246821779592,-0.09690800008680767,-0.03124607937089596,0.0028202424881391673,False
lean_qb | line<=3 | ML any | edge>=0.00,933,0.5198285101822079,-0.06548651447517033,0.030190517152420486,-0.06152694575527819,-0.0694038703089229,0.003979968371112283,False
lean_qb | total>=48 | ML favs | edge>=0.10,70,0.6857142857142857,-0.06560747766562383,0.4001963792278487,-0.06071517908682935,-0.07628158365572088,0.023668950975224038,False
lean | line 3-7 | OU any | edge>=3.0pt,327,0.4892966360856269,-0.06588824020016677,0.2134470522111463,-0.020979020979020935,-0.13223140495867763,0.015313653136531366,False
linear_qb | wk14+ | ATS dogs | edge>=3pt,186,0.489247311827957,-0.06598240469208207,0.3482329122086787,-0.13519813519813514,0.05138339920948621,0.021296784396415393,False
lean_qb | all games | ATS home | edge>=1pt,928,0.4892241379310345,-0.06602664576802504,0.03542839193773863,-0.0770097670924117,-0.054054054054054015,0.004665260938323669,False
neural_qbfeat | wk14+ | ATS away | edge>=1pt,278,0.4892086330935252,-0.06605624591236098,0.2503079831379706,-0.13111888111888106,0.017138599105812263,0.017000527148128625,False
neural_qbfeat | all games | OU over | edge>=0.0pt,1296,0.48919753086419754,-0.06607744107744104,0.012838263617216948,-0.0660334690185436,-0.06611570247933879,0.002398523985239853,False
linear_qb | line<=3 | OU over | edge>=3.0pt,231,0.48917748917748916,-0.0661157024793388,0.29450470466937195,-0.10675562969140948,-0.029806259314456,0.018845545598313126,False
lean | total<=44 | ML favs | edge>=0.10,192,0.6979166666666666,-0.06616746179065268,0.15021328193133465,-0.0041127586766873435,-0.11443223087929236,0.012229836584080127,False
lean_qb | total<=44 | OU over | edge>=1.5pt,689,0.48911465892597966,-0.06623565114131148,0.0691161239015436,-0.06666666666666662,-0.06587263004375302,0.007380073800738008,False
ensemble | total<=44 | ATS away | edge>=0pt,503,0.48906560636182905,-0.0663292969455991,0.12003607303051846,-0.04545454545454543,-0.085378499827169,0.010490247759620454,False
lean | total>=48 | ML favs | edge>=0.10,69,0.6811594202898551,-0.06633106143620167,0.40375055083534767,-0.1123007460211587,0.038742503329414445,0.023827095413811283,False
ensemble | line<=3 | OU any | edge>=3.0pt,364,0.489010989010989,-0.06643356643356639,0.18556671575527184,-0.0609336609336609,-0.0721178263077704,0.014101212440695836,False
lean_qb | all games | OU over | edge>=3.0pt,544,0.4889705882352941,-0.06651069518716575,0.10494458873477418,-0.10810810810810809,-0.02870813397129182,0.009488666315234581,False
linear_qb | wk14+ | ATS any | edge>=1pt,587,0.4889267461669506,-0.06659439368127608,0.09170162704193022,-0.11233352634626517,-0.013986013986013944,0.008908803373748024,False
neural_qbfeat | total<=44 | ATS away | edge>=3pt,223,0.48878923766816146,-0.0668569099062372,0.297693152003365,-0.045454545454545414,-0.09270927092709268,0.018950975224037957,False
ensemble | wk1-6 | ML favs | edge>=0.00,718,0.6532033426183844,-0.0668794585015373,0.010268380306030724,-0.07823960902510016,-0.05367157265185276,0.002134949920927781,False
elo | line<=3 | ATS dogs | edge>=3pt,221,0.48868778280542985,-0.06705059646236113,0.2984878657609134,0.002754820936639161,-0.12369597615499253,0.019003690036900372,False
lean_qb | wk7-13 | ATS any | edge>=3pt,221,0.48868778280542985,-0.06705059646236113,0.2984878657609134,-0.10244233378561733,-0.012539184952978014,0.018977332630469163,False
ensemble | line<=3 | ML favs | edge>=0.05,288,0.5694444444444444,-0.06726601569298281,0.16216582442022096,-0.0773683482113369,-0.0525010681661576,0.012915129151291513,False
elo | total<=44 | ATS away | edge>=1pt,393,0.48854961832061067,-0.06731436502428866,0.16332793305097296,-0.08741258741258738,-0.04997845756139589,0.01304691618344755,False
vegas | total<=44 | ML favs | edge>=0.00,1073,0.6579683131407269,-0.06735235950301549,0.001467518166005891,-0.07401211665585836,-0.061796869775515816,0.0005007907221929362,False
vegas | total<=44 | ML any | edge>=0.00,1073,0.6579683131407269,-0.06735235950301549,0.001467518166005891,-0.07401211665585836,-0.061796869775515816,0.00047443331576172906,False
linear_qb | total>=48 | ATS any | edge>=0pt,688,0.4883720930232558,-0.0676532769556025,0.06357083845843815,-0.02488244514106579,-0.15624999999999997,0.006905640484976279,False
ensemble | wk7-13 | OU over | edge>=0.0pt,471,0.4883227176220807,-0.06774753908511866,0.12445501643265496,-0.04545454545454539,-0.08866442199775527,0.010648392198207696,False
elo | total<=44 | OU over | edge>=0.0pt,1067,0.48828491096532334,-0.06781971542983722,0.020508928379747726,-0.05135895032802246,-0.08153701968134952,0.0033210332103321034,False
linear | wk1-6 | ML favs | edge>=0.05,418,0.6507177033492823,-0.0679558138407791,0.047469520176708656,-0.0771736415063216,-0.05552728215690158,0.005535055350553506,False
lean_qb | line>7 | ATS away | edge>=0pt,336,0.4880952380952381,-0.06818181818181815,0.19186221160805675,-0.07712193020249891,-0.05309090909090906,0.014364786505007908,False
linear | line 3-7 | ATS home | edge>=0pt,500,0.488,-0.06836363636363633,0.11016287362879977,-0.1136363636363636,-0.02236070381231668,0.00977859778597786,False
linear_qb | wk14+ | ML favs | edge>=0.05,394,0.6776649746192893,-0.06854968357371502,0.04059619378976754,-0.05604386996379173,-0.08311689503142783,0.005007907221929363,False
linear | wk14+ | ATS home | edge>=0pt,412,0.4878640776699029,-0.06862312444836713,0.1456363977613617,-0.134020618556701,-0.010425354462051664,0.011887190300474434,False
elo | total<=44 | OU any | edge>=0.0pt,1068,0.48782771535580527,-0.06869254341164449,0.01888473656712992,-0.05331088664421994,-0.08153701968134952,0.0031628887717448603,False
lean_qb | total<=44 | ATS away | edge>=0pt,449,0.48775055679287305,-0.06883984612269686,0.12748974976878297,-0.08181818181818178,-0.05743628756181053,0.01080653663679494,False
ensemble | total<=44 | ML favs | edge>=0.10,170,0.6882352941176471,-0.06891441089642986,0.16843242141904485,-0.061126119493654256,-0.07767623872455238,0.013231418028466,False
elo | wk7-13 | ATS dogs | edge>=1pt,484,0.48760330578512395,-0.0691209616829451,0.11205771859617221,-0.023760330578512345,-0.12355371900826442,0.009910384818133895,False
linear_qb | line<=3 | OU any | edge>=0.0pt,927,0.48759439050701187,-0.06913798175934094,0.027716887140642816,-0.05375494071146242,-0.08429044189215491,0.003716394306800211,False
lean_qb | line<=3 | OU any | edge>=0.0pt,927,0.48759439050701187,-0.06913798175934094,0.027716887140642844,-0.062055335968379394,-0.07611446369476343,0.0037427517132314183,False
elo | total>=48 | ATS dogs | edge>=0pt,443,0.48758465011286684,-0.06915657705725421,0.12831417304270035,-0.02949224688355119,-0.1515151515151515,0.010885608856088561,False
lean | wk7-13 | ATS away | edge>=1pt,279,0.4874551971326165,-0.06940371456500485,0.22628273694675555,-0.016174010039040652,-0.14420062695924762,0.015867158671586716,False
lean | line<=3 | ATS home | edge>=3pt,156,0.48717948717948717,-0.06993006993006987,0.3629853209118652,-0.005121638924455784,-0.12406417112299459,0.022034791776489194,False
lean_qb | line>7 | ATS away | edge>=3pt,117,0.48717948717948717,-0.06993006993006988,0.4315501418795044,-0.05853051058530507,-0.08884297520661154,0.024934106483921983,False
linear | wk7-13 | OU under | edge>=1.5pt,310,0.4870967741935484,-0.0700879765395894,0.19762280863935572,-0.05519480519480515,-0.09569377990430619,0.014549288350026357,False
ensemble | wk14+ | ATS any | edge>=0pt,735,0.48707482993197276,-0.0701298701298701,0.04683688480417504,-0.10542598762494045,-0.0319340715941282,0.0055086979441222985,False
elo | all games | OU over | edge>=0.0pt,1390,0.4870503597122302,-0.0701765860039241,0.006205741115458437,-0.07410598879793187,-0.06689083703614744,0.0013442277279915656,False
ensemble | wk1-6 | OU over | edge>=0.0pt,462,0.487012987012987,-0.07024793388429748,0.11464538908863041,-0.04545454545454543,-0.09090909090909087,0.010147601476014761,False
linear | all games | OU over | edge>=0.0pt,1296,0.4868827160493827,-0.07049663299663295,0.007942840964416555,-0.05584617559734196,-0.08492273423360708,0.001686874011597259,False
lean_qb | line<=3 | ATS away | edge>=1pt,263,0.4866920152091255,-0.07086069823712404,0.23043931702486617,0.011533242876526502,-0.15644820295983086,0.015998945703742752,False
lean_qb | all games | OU over | edge>=1.5pt,931,0.4865735767991407,-0.07108680792891316,0.023319797374583794,-0.08713775307661767,-0.05554487795502591,0.0034264628360569324,False
elo | wk14+ | ML any | edge>=0.10,219,0.5707762557077626,-0.07111458688503075,0.2516533879710272,-0.035708217306883436,-0.11324816668302608,0.01713231418028466,False
vegas | line>7 | OU under | edge>=0.0pt,594,0.48653198653198654,-0.07116620752984387,0.0698454674257414,-0.002066115702479299,-0.1716754320060105,0.007432788613600422,False
vegas | line>7 | OU any | edge>=0.0pt,594,0.48653198653198654,-0.07116620752984387,0.0698454674257414,-0.002066115702479299,-0.1716754320060105,0.007406431207169215,False
linear_qb | total>=48 | ATS away | edge>=3pt,146,0.4863013698630137,-0.07160647571606472,0.36767711199608777,-0.05437553101104499,-0.11888111888111884,0.022298365840801266,False
linear_qb | line>7 | ATS any | edge>=1pt,471,0.4861995753715499,-0.0718008106543138,0.10348632722998766,-0.04219671113869061,-0.12053115423901938,0.009435951502372168,False
elo | wk7-13 | ATS home | edge>=1pt,362,0.4861878453038674,-0.07182320441988946,0.15353327534657812,-0.008384819064430673,-0.15559440559440554,0.01238798102266737,False
linear | line 3-7 | ATS home | edge>=1pt,395,0.4860759493670886,-0.07203682393555808,0.13478822703712262,-0.15151515151515146,0.01547388781431339,0.011360042171850292,False
elo | line 3-7 | OU over | edge>=0.0pt,533,0.48592870544090055,-0.07231792597646251,0.08101592941911573,-0.09890909090909088,-0.048827497590748434,0.008249868212967843,False
neural_qbfeat | wk14+ | ML favs | edge>=0.10,189,0.6666666666666666,-0.07261558618343839,0.14091118427673732,-0.10875773763432516,-0.03450918737109041,0.011676331049024775,False
ensemble | wk7-13 | ATS away | edge>=1pt,278,0.4856115107913669,-0.07292347939829949,0.2044363788823946,-0.015055008685581898,-0.1480090157776108,0.014839219820769637,False
neural_qbfeat | wk1-6 | ATS home | edge>=0pt,416,0.4855769230769231,-0.07298951048951044,0.11990944388013534,-0.07014106583072098,-0.07658102766798415,0.010463890353189247,False
elo | line<=3 | ML any | edge>=0.00,933,0.5123258306538049,-0.07299877241466173,0.016429388054349892,-0.08692992925345394,-0.059216135371592225,0.0028993147074327886,False
lean | wk14+ | OU any | edge>=1.5pt,484,0.4855371900826446,-0.0730653643876784,0.09303170687583998,-0.04162102957283676,-0.10638297872340421,0.00893516078017923,False
elo | wk14+ | OU under | edge>=3.0pt,138,0.4855072463768116,-0.07312252964426871,0.37128704136021135,-0.02325581395348833,-0.15559440559440552,0.022430152872957302,False
neural_qbfeat | wk7-13 | OU any | edge>=0.0pt,896,0.48549107142857145,-0.07315340909090905,0.022039966050696073,-0.03775659824046917,-0.1170454545454545,0.003347390616763311,False
ensemble | total>=48 | ATS any | edge>=0pt,688,0.48546511627906974,-0.07320295983086678,0.04472451293019278,-0.04134012539184949,-0.13920454545454541,0.005245123879810227,False
linear_qb | wk7-13 | OU under | edge>=1.5pt,309,0.4854368932038835,-0.07325684024713146,0.1788271580694494,-0.05015673981191216,-0.11749571183533443,0.013863995782814973,False
linear | total<=44 | OU any | edge>=1.5pt,754,0.4854111405835544,-0.07330600434048706,0.0353378081612168,-0.10909090909090904,-0.043120693487441596,0.004638903531892462,False
elo | total>=48 | ML any | edge>=0.05,371,0.6091644204851752,-0.07352402684584344,0.07576042659236823,-0.09243428534671404,-0.03630863811613017,0.008012651555086979,False
lean_qb | wk7-13 | ATS away | edge>=1pt,270,0.48518518518518516,-0.07373737373737368,0.20606231626742885,0.01818181818181823,-0.21818181818181812,0.014891934633632052,False
lean_qb | wk7-13 | ATS any | edge>=1pt,606,0.48514851485148514,-0.07380738073807377,0.05755291532376773,-0.020838760093774382,-0.1457375309515387,0.006378492356352135,False
lean_qb | wk7-13 | ATS home | edge>=1pt,336,0.4851190476190476,-0.07386363636363631,0.1574321922647449,-0.05583003952569166,-0.09569377990430618,0.01257248286768582,False
linear | wk1-6 | OU over | edge>=0.0pt,470,0.4851063829787234,-0.07388781431334618,0.09419193683242436,-0.04152637485970816,-0.10853023628354021,0.009014232999472852,False
neural_qbfeat | total>=48 | ML favs | edge>=0.05,356,0.648876404494382,-0.07399473556219768,0.04609520400813385,-0.08833585625141177,-0.041922774748137104,0.005429625724828677,False
lean_qb | wk1-6 | ML favs | edge>=0.00,730,0.6493150684931507,-0.07417178081421551,0.004107495383292338,-0.08051959740286593,-0.06656204887962855,0.0009752240379546654,False
lean_qb | total<=44 | ATS away | edge>=1pt,328,0.4847560975609756,-0.07455654101995562,0.15858506277300793,-0.05153445280833812,-0.09569377990430615,0.012677912493410649,False
elo | line>7 | ATS any | edge>=0pt,590,0.4847457627118644,-0.07457627118644064,0.05831881331266344,-0.06460015629070064,-0.08902301018483584,0.006510279388508171,False
ensemble | wk14+ | ATS away | edge>=1pt,262,0.4847328244274809,-0.07460097154753641,0.20764607139420857,-0.0841523341523341,-0.06220095693779901,0.014971006852925673,False
elo | total>=48 | ML any | edge>=0.00,702,0.6282051282051282,-0.07465110604237953,0.008634952816237346,-0.09494234709216999,-0.03300995049672254,0.0017923036373220875,False
ensemble | line 3-7 | OU over | edge>=3.0pt,196,0.4846938775510204,-0.07467532467532462,0.2757629164025032,-0.034729315628191995,-0.10790144435004242,0.01805482340537691,False
elo | total<=44 | OU any | edge>=1.5pt,1009,0.4846382556987116,-0.07478151184791418,0.012989826202639812,-0.06734778982485401,-0.08043788672060918,0.002477596204533474,False
elo | total<=44 | OU over | edge>=1.5pt,1009,0.4846382556987116,-0.07478151184791418,0.012989826202639812,-0.06734778982485401,-0.08043788672060918,0.0024512387981022667,False
lean_qb | all games | ML favs | edge>=0.10,348,0.6810344827586207,-0.07485514043064116,0.03211563001322014,-0.06083182927019481,-0.09152435935720947,0.004217185028993147,False
elo | total<=44 | ML favs | edge>=0.10,197,0.700507614213198,-0.07503457606121511,0.09427026224984265,0.004198469935582019,-0.14883006007783986,0.00904059040590406,False
elo | line<=3 | ATS home | edge>=0pt,516,0.4844961240310077,-0.07505285412262154,0.07481981523633631,-0.045454545454545414,-0.10753880266075384,0.007880864522930943,False
vegas | wk14+ | ATS any | edge>=0pt,735,0.48435374149659866,-0.07532467532467528,0.032768761834173425,-0.05544978581627792,-0.0968323461241308,0.004322614654717976,False
vegas | wk14+ | ATS away | edge>=0pt,735,0.48435374149659866,-0.07532467532467528,0.032768761834173425,-0.05544978581627792,-0.0968323461241308,0.004296257248286769,False
elo | total<=44 | ATS away | edge>=3pt,190,0.4842105263157895,-0.07559808612440187,0.27739287155455794,-0.03367003367003363,-0.10675562969140945,0.01816025303110174,False
linear | total<=44 | OU any | edge>=0.0pt,1068,0.48408239700374533,-0.07584269662921345,0.009542220530220987,-0.069023569023569,-0.08153701968134952,0.0019240906694781236,False
linear_qb | total<=44 | ML favs | edge>=0.05,539,0.6586270871985158,-0.07585212860116718,0.010158744522783161,-0.06693246700373591,-0.0842263432663814,0.0020558777016341594,False
elo | line>7 | ATS away | edge>=3pt,155,0.4838709677419355,-0.07624633431085039,0.32286788628627416,-0.08787878787878783,-0.0601398601398601,0.02003162888771745,False
linear | wk14+ | ATS dogs | edge>=0pt,401,0.4837905236907731,-0.076399909317615,0.1100330767845145,-0.12215909090909086,-0.01848998459167947,0.009752240379546653,False
lean | total<=44 | OU over | edge>=1.5pt,707,0.4837340876944837,-0.07650765076507647,0.03345143814051481,-0.08340283569641363,-0.07057416267942579,0.004428044280442804,False
lean_qb | wk7-13 | ML dogs | edge>=0.00,121,0.4049586776859504,-0.07652262127489293,0.4581651525494671,0.02900848669208133,-0.2263767945879964,0.02598840274117027,False
elo | wk7-13 | ATS any | edge>=1pt,645,0.48372093023255813,-0.07653276955602532,0.04218444119306449,-0.010888832615852072,-0.15893197711379528,0.005113336847654191,False
vegas | total<=44 | ATS any | edge>=0pt,1044,0.4837164750957854,-0.07654127481713684,0.00970263004380808,-0.08556149732620316,-0.06898207426376436,0.0019768054823405376,False
vegas | total<=44 | ATS away | edge>=0pt,1044,0.4837164750957854,-0.07654127481713684,0.00970263004380808,-0.08556149732620316,-0.06898207426376436,0.0019504480759093307,False
lean | total<=44 | ATS away | edge>=0pt,459,0.48366013071895425,-0.07664884135472368,0.08621948035702859,-0.10675562969140946,-0.04941531497548091,0.008618871903004746,False
lean | wk1-6 | ML favs | edge>=0.00,707,0.6492220650636492,-0.07686013113696166,0.003356451849244048,-0.08742407944948204,-0.06415706556489667,0.0007907221929362151,False
lean_qb | wk14+ | OU any | edge>=3.0pt,273,0.4835164835164835,-0.07692307692307687,0.1847040043832897,-0.05242203052422026,-0.10160427807486624,0.014022140221402213,False
lean_qb | line<=3 | ATS any | edge>=3pt,242,0.4834710743801653,-0.07700976709241168,0.21137385390520333,0.013676588897827878,-0.15644820295983086,0.015155508697944124,False
linear | line<=3 | OU any | edge>=3.0pt,393,0.48346055979643765,-0.07702984038861899,0.11071245357521746,-0.12032085561497323,-0.030303030303030266,0.009804955192409067,False
ensemble | line<=3 | OU any | edge>=0.0pt,927,0.48327939590075514,-0.07737569873492199,0.013764358328563115,-0.0662055335968379,-0.08837843099085066,0.00260938323668951,False
neural_qbfeat | wk14+ | ATS away | edge>=0pt,358,0.48324022346368717,-0.07745048247841539,0.12593241059597715,-0.13311688311688308,-0.010101010101010065,0.010701107011070111,False
neural_qbfeat | total>=48 | OU over | edge>=0.0pt,89,0.48314606741573035,-0.07763023493360569,0.44729761658241174,-0.029275808936825846,-0.1727272727272727,0.025487612018977337,False
lean | total>=48 | ML any | edge>=0.10,128,0.546875,-0.07764117156272689,0.33865366988993045,-0.043161997570678304,-0.13910404693985703,0.020664206642066422,False
elo | line 3-7 | OU over | edge>=1.5pt,385,0.4831168831168831,-0.0776859504132231,0.11137188030896471,-0.10160427807486627,-0.05877378435517966,0.009857670005271482,False
vegas | line>7 | ATS any | edge>=0pt,590,0.4830508474576271,-0.07781201848998454,0.048223916707541746,-0.05912998176608487,-0.10486608826857785,0.0056404849762783345,False
vegas | line>7 | ATS away | edge>=0pt,590,0.4830508474576271,-0.07781201848998454,0.048223916707541746,-0.05912998176608487,-0.10486608826857785,0.005614127569847128,False
ensemble | wk14+ | ATS away | edge>=3pt,118,0.4830508474576271,-0.07781201848998455,0.37944953915688967,-0.05853051058530507,-0.10909090909090906,0.02290458618871903,False
linear_qb | line<=3 | ML favs | edge>=0.10,161,0.5590062111801242,-0.07798855948277938,0.2312720388423806,-0.08461770411959832,-0.06448011380775205,0.016025303110173958,False
lean_qb | wk14+ | ATS away | edge>=0pt,352,0.48295454545454547,-0.077995867768595,0.1264908577402398,-0.09677419354838705,-0.056955093099671374,0.010727464417501317,False
lean_qb | wk1-6 | ML favs | edge>=0.10,123,0.6666666666666666,-0.07822978347836203,0.1973850010557716,-0.04980209287473082,-0.1122414847362779,0.01452293094359515,False
lean_qb | line<=3 | OU any | edge>=1.5pt,582,0.48281786941580757,-0.07825679475164007,0.04848124659526666,-0.07518087448883294,-0.08129072292894815,0.005693199789140749,False
elo | wk7-13 | ML favs | edge>=0.10,139,0.7050359712230215,-0.07869697181215002,0.1347879369847185,-0.04316605921124374,-0.13135886013135037,0.011333684765419084,False
lean_qb | total>=48 | ATS dogs | edge>=3pt,114,0.4824561403508772,-0.07894736842105257,0.3808744197942709,-0.02033492822966503,-0.19617224880382775,0.022957301001581446,False
linear_qb | wk7-13 | OU over | edge>=3.0pt,199,0.4824120603015075,-0.07903152124257648,0.24511815931924905,-0.1045856798069187,-0.045454545454545414,0.016816025303110174,False
lean | wk1-6 | OU over | edge>=0.0pt,454,0.48237885462555063,-0.07909491389667596,0.07828799477588681,-0.11749571183533443,-0.04545454545454541,0.008091723774380602,False
elo | wk1-6 | ML favs | edge>=0.00,703,0.647226173541963,-0.07921445828918569,0.00262082491603309,-0.09598113296688843,-0.059261593096405475,0.0007116499736425936,False
linear | line<=3 | OU any | edge>=0.0pt,927,0.48220064724919093,-0.07943512797881726,0.011442571598604831,-0.05790513833992091,-0.10064239828693787,0.0022403795466526093,False
neural_qbfeat | line 3-7 | OU over | edge>=0.0pt,473,0.4820295983086681,-0.07976167595617908,0.06991892271885555,-0.09569377990430618,-0.0649350649350649,0.007459146020031629,False
elo | wk14+ | ML dogs | edge>=0.00,114,0.38596491228070173,-0.08017347188129147,0.4721709237434654,-0.09801230448660736,-0.06169753811150003,0.026673695308381658,False
lean | wk7-13 | ML favs | edge>=0.10,111,0.6936936936936937,-0.08085357175521647,0.17840220726729394,-0.07938908910172855,-0.08229190293274924,0.013837638376383765,False
linear | wk7-13 | OU any | edge>=0.0pt,896,0.4810267857142857,-0.08167613636363634,0.010579850149061695,-0.04160557184750729,-0.13136363636363632,0.002161307327358988,False
linear | wk14+ | ML favs | edge>=0.10,175,0.6685714285714286,-0.08174236928725316,0.106442063210778,-0.05679985254530838,-0.1100308333970198,0.009620453347390617,False
ensemble | line<=3 | ML favs | edge>=0.00,644,0.5590062111801242,-0.08182056668970988,0.01137891187412869,-0.12226702048376202,-0.040613364548434214,0.002214022140221402,False
lean | all games | OU over | edge>=1.5pt,942,0.48089171974522293,-0.08193398957730164,0.008552190744718817,-0.09328579916815206,-0.0711462450592885,0.0017659462308908802,False
ensemble | total>=48 | ATS any | edge>=1pt,466,0.48068669527896996,-0.08232539992196641,0.06334986494727574,-0.04850421144350853,-0.1515151515151515,0.006879283078545072,False
lean | line<=3 | ATS home | edge>=1pt,362,0.48066298342541436,-0.08237066800602709,0.10171070024455632,-0.06145251396648041,-0.10283159463487329,0.009330521876647338,False
elo | wk14+ | ML dogs | edge>=0.05,112,0.38392857142857145,-0.08248509664531126,0.46433248773057795,-0.0821879589512847,-0.08279303934639334,0.026278334211913546,False
linear_qb | total<=44 | OU any | edge>=1.5pt,772,0.4805699481865285,-0.0825482807348092,0.01649327261647881,-0.10007431260837252,-0.06666666666666664,0.0029256721138639957,False
elo | wk7-13 | ATS away | edge>=1pt,283,0.48056537102473496,-0.08255701895277863,0.14720134150307002,-0.014260249554367154,-0.1629370629370629,0.011966262519768055,False
lean_qb | wk1-6 | ATS home | edge>=0pt,437,0.4805491990846682,-0.08258789265654251,0.07129968868342203,-0.05806968362034437,-0.10909090909090904,0.007590933052187665,False
linear | total<=44 | OU over | edge>=1.5pt,539,0.4805194805194805,-0.0826446280991735,0.04495792125623136,-0.0811384876805437,-0.08363636363636359,0.0052978386926726415,False
lean | line 3-7 | OU over | edge>=1.5pt,356,0.4803370786516854,-0.08299284984678239,0.10200842702208598,-0.07727272727272724,-0.08884297520661154,0.009356879283078545,False
lean | total>=48 | ML dogs | edge>=0.05,70,0.4,-0.08327600905983895,0.5417872093399437,0.0006321252782622965,-0.19515352151064064,0.029362150764364787,False
lean_qb | total<=44 | ML favs | edge>=0.10,175,0.6742857142857143,-0.0834563858400575,0.09418274685924131,-0.018853947754310287,-0.14446979958770767,0.008987875593041645,False
elo | line<=3 | OU any | edge>=0.0pt,927,0.48004314994606256,-0.08355398646660778,0.007815075191956681,-0.0703557312252964,-0.09655440918824212,0.0016078017923036375,False
lean | line<=3 | OU any | edge>=0.0pt,927,0.48004314994606256,-0.08355398646660779,0.007815075191956702,-0.0869565217391304,-0.08020245279345918,0.0016341591987348446,False
elo | line<=3 | ML dogs | edge>=0.10,239,0.401673640167364,-0.08360433574360485,0.2513139802153983,-0.045179776330051324,-0.11636946392570474,0.017105956773853456,False
linear | line>7 | ATS any | edge>=3pt,273,0.47985347985347987,-0.08391608391608388,0.14791497528758732,-0.11802232854864428,-0.026737967914438453,0.01201897733263047,False
lean | total<=44 | OU any | edge>=3.0pt,446,0.4798206278026906,-0.08397880146759065,0.06391369550183801,-0.108444854637748,-0.06462212486308869,0.006958355297838692,False
linear_qb | line<=3 | OU any | edge>=1.5pt,669,0.4798206278026906,-0.08397880146759067,0.023179702389467448,-0.06504932018128494,-0.10365853658536581,0.0034001054296257252,False
linear | line>7 | ATS away | edge>=0pt,321,0.4797507788161994,-0.08411214953271025,0.11564833763816218,-0.0691994572591587,-0.10909090909090907,0.010200316288877175,False
ensemble | wk1-6 | OU over | edge>=1.5pt,296,0.4797297297297297,-0.08415233415233411,0.13073264147890612,-0.11888111888111882,-0.05695509309967138,0.01099103848181339,False
linear_qb | line>7 | ATS any | edge>=0pt,590,0.47966101694915253,-0.08428351309707237,0.032386575778559024,-0.05365980724146909,-0.12863070539419083,0.004243542435424355,False
elo | wk1-6 | OU any | edge>=0.0pt,859,0.479627473806752,-0.08434755000529152,0.009746834165140984,-0.09744503862150916,-0.06931818181818178,0.0020031628887717447,False
linear | wk1-6 | ATS home | edge>=1pt,294,0.47959183673469385,-0.08441558441558437,0.13084224265100072,-0.06346483704974265,-0.10909090909090906,0.011017395888244597,False
elo | line<=3 | OU any | edge>=1.5pt,709,0.4795486600846262,-0.08449801256571352,0.018675468679245123,-0.07064782724606768,-0.09733201581027665,0.0031101739588824465,False
lean_qb | line<=3 | ATS dogs | edge>=1pt,440,0.47954545454545455,-0.0845041322314049,0.06406281815966156,-0.01408450704225348,-0.1505806968362034,0.0069847127042699,False
elo | line<=3 | ML any | edge>=0.10,303,0.43234323432343236,-0.08463818846090686,0.1691041921240611,-0.0052838223382007665,-0.15843269453679915,0.013336847654190829,False
vegas | wk1-6 | ML any | edge>=0.00,858,0.6305361305361306,-0.08465293157995712,0.000564597175033912,-0.1244415346088762,-0.039307815409842344,0.00015814443858724303,False
vegas | wk1-6 | ML favs | edge>=0.00,858,0.6305361305361306,-0.08465293157995712,0.000564597175033912,-0.1244415346088762,-0.039307815409842344,0.00018450184501845018,False
linear | total<=44 | OU over | edge>=0.0pt,705,0.4794326241134752,-0.08471953578336552,0.01870115266384108,-0.06841611996251167,-0.09617918313570482,0.003136531365313653,False
lean | wk7-13 | OU over | edge>=0.0pt,507,0.47928994082840237,-0.08499193114577724,0.045537384893191035,-0.07763023493360567,-0.09318181818181813,0.00540326831839747,False
ensemble | line<=3 | ATS home | edge>=0pt,507,0.47928994082840237,-0.08499193114577726,0.045537384893191,-0.045454545454545414,-0.12531691416153562,0.005376910911966262,False
elo | all games | OU over | edge>=1.5pt,1046,0.4789674952198853,-0.08560750912567351,0.0037888756942941653,-0.09435108321522571,-0.0790315212425765,0.0008961518186610438,False
ensemble | wk1-6 | ATS home | edge>=0pt,426,0.4788732394366197,-0.08578745198463504,0.06437063199186031,-0.04969696969696966,-0.12618724559023062,0.007037427517132314,False
linear_qb | wk7-13 | OU any | edge>=0.0pt,896,0.47879464285714285,-0.08593749999999997,0.007153641457745582,-0.06854838709677415,-0.10749999999999997,0.0015023721665788088,False
lean_qb | line>7 | ATS away | edge>=1pt,259,0.47876447876447875,-0.08599508599508597,0.14872835425759434,-0.09318181818181816,-0.07438016528925617,0.012124406958355299,False
lean | wk14+ | ML dogs | edge>=0.05,96,0.3854166666666667,-0.08601070375883986,0.47650252778361674,-0.20787275400975416,0.04644804651389315,0.026884554559831315,False
linear_qb | total>=48 | ML any | edge>=0.05,442,0.579185520361991,-0.08610368480824088,0.032432359375881605,-0.08854318738529628,-0.08049646992963598,0.004269899841855562,False
lean | wk14+ | ATS away | edge>=3pt,117,0.47863247863247865,-0.08624708624708621,0.3320668731403648,-0.0601398601398601,-0.11888111888111884,0.020347917764891935,False
ensemble | line<=3 | OU any | edge>=1.5pt,629,0.4785373608903021,-0.08642867466396872,0.02347690400684514,-0.07566168009205979,-0.09729886726691833,0.0034528202424881395,False
linear_qb | wk14+ | ML favs | edge>=0.10,186,0.6612903225806451,-0.08679240381513348,0.07992502592715414,-0.11170504569992495,-0.053783153317784785,0.008223510806536638,False
lean | line 3-7 | OU over | edge>=3.0pt,184,0.4782608695652174,-0.08695652173913039,0.2189682777652588,-0.025145067698259145,-0.1515151515151515,0.015392725355824989,False
elo | wk14+ | ATS away | edge>=0pt,364,0.47802197802197804,-0.08741258741258738,0.08158250126353128,-0.09569377990430618,-0.07836990595611282,0.008328940432261466,False
lean | line<=3 | ATS home | edge>=0pt,500,0.478,-0.08745454545454541,0.0410239930022632,-0.05340909090909087,-0.11888111888111884,0.005034264628360569,False
linear_qb | line<=3 | ML favs | edge>=0.05,368,0.5570652173913043,-0.08793275519846318,0.03949718467717055,-0.08265623119373461,-0.09375200738653522,0.004981549815498155,False
lean | line<=3 | ML favs | edge>=0.00,637,0.5557299843014128,-0.0881218405885543,0.006717749901494212,-0.12130413632201036,-0.05377339388682983,0.001370585134422773,False
linear_qb | total>=48 | ML favs | edge>=0.10,155,0.6387096774193548,-0.08829159622366342,0.11833796607975584,-0.08522429343824282,-0.09880806291653406,0.010411175540326834,False
elo | line<=3 | ML favs | edge>=0.10,64,0.546875,-0.08849898220208158,0.4020251759292305,0.11662048152578704,-0.35222400699505557,0.023721665788086453,False
lean | total<=44 | ATS away | edge>=1pt,350,0.47714285714285715,-0.08909090909090904,0.08178918356455252,-0.11053719008264458,-0.06739811912225702,0.00838165524512388,False
lean | line<=3 | OU any | edge>=1.5pt,566,0.47703180212014135,-0.08930292322518465,0.026398601559364184,-0.08930292322518465,-0.08930292322518467,0.0036373220875065893,False
linear | wk14+ | ATS away | edge>=1pt,260,0.47692307692307695,-0.08951048951048947,0.13207329920211183,-0.11983471074380161,-0.045454545454545414,0.01109646810753822,False
vegas | line<=3 | ML any | edge>=0.00,933,0.5519828510182208,-0.09055835060315744,0.0007947438462729096,-0.14196179637662948,-0.0397029159786563,0.00031628887717448606,False
vegas | line<=3 | ML favs | edge>=0.00,933,0.5519828510182208,-0.09055835060315744,0.0007947438462729096,-0.14196179637662948,-0.0397029159786563,0.0002899314707432789,False
lean | total<=44 | OU over | edge>=3.0pt,443,0.4762979683972912,-0.09070387851426223,0.046112224815727326,-0.108444854637748,-0.07649667405764962,0.005455983131259884,False
linear_qb | total>=48 | ATS any | edge>=1pt,525,0.47619047619047616,-0.09090909090909087,0.029510306676788892,-0.056002009040683025,-0.1684327941996653,0.0039272535582498685,False
linear_qb | line>7 | ATS any | edge>=3pt,271,0.47601476014760147,-0.0912445488091244,0.11700418314220312,-0.07763023493360567,-0.11730205278592369,0.010332103321033211,False
linear_qb | wk14+ | ATS away | edge>=0pt,330,0.47575757575757577,-0.0917355371900826,0.08188032421508265,-0.07624633431085041,-0.11174242424242421,0.008408012651555087,False
lean_qb | total>=48 | ML any | edge>=0.10,124,0.5483870967741935,-0.09238286717221754,0.25749033039753916,-0.04328666617464429,-0.18164868716780533,0.017290458618871903,False
lean_qb | line<=3 | ATS home | edge>=0pt,488,0.47540983606557374,-0.09239940387481367,0.03295155977902397,-0.05704821494295175,-0.12863070539419083,0.004375329467580391,False
linear | wk1-6 | ML favs | edge>=0.10,193,0.6373056994818653,-0.09244512273556398,0.06806100136310192,-0.11401473316470423,-0.04996958219818011,0.007301001581444386,False
linear | line>7 | ATS away | edge>=1pt,263,0.4752851711026616,-0.09263740062219145,0.1169735229716579,-0.08546543277082196,-0.10511363636363631,0.010305745914602003,False
lean | wk14+ | OU over | edge>=3.0pt,200,0.475,-0.09318181818181813,0.16950098929291607,-0.09908069458631251,-0.08845208845208838,0.013363205060622036,False
elo | wk1-6 | OU any | edge>=1.5pt,617,0.47487844408427876,-0.09341387947546777,0.015301830200094303,-0.1002471848393298,-0.08550540368722183,0.0028465998945703744,False
lean | wk14+ | OU under | edge>=1.5pt,139,0.4748201438848921,-0.09352517985611505,0.25112778475278064,0.001108647450110907,-0.2296650717703349,0.01705324196099104,False
linear | wk7-13 | OU any | edge>=3.0pt,375,0.4746666666666667,-0.09381818181818177,0.05778203373500657,-0.05806968362034437,-0.1486486486486486,0.00643120716921455,False
linear | line<=3 | OU any | edge>=1.5pt,643,0.47433903576982894,-0.094443658984872,0.012309492381021223,-0.09201773835920174,-0.09696969696969693,0.002345809172377438,False
neural_qbfeat | line<=3 | OU over | edge>=3.0pt,211,0.47393364928909953,-0.09521757862990085,0.14924573621031018,-0.09440559440559437,-0.09569377990430619,0.012177121771217714,False
lean_qb | line<=3 | ML favs | edge>=0.00,649,0.551617873651772,-0.09529475046369809,0.0031188820114678084,-0.13518687868327975,-0.05527949839158687,0.000764364786505008,False
elo | wk7-13 | ML any | edge>=0.10,253,0.5533596837944664,-0.0955359477946405,0.09556173609619344,-0.044566496924236795,-0.1685594879839689,0.009093305218766473,False
linear_qb | total>=48 | ATS dogs | edge>=3pt,152,0.47368421052631576,-0.09569377990430618,0.2192649673006341,-0.09848484848484843,-0.08884297520661154,0.015445440168687402,False
lean_qb | wk7-13 | OU over | edge>=0.0pt,494,0.47368421052631576,-0.09569377990430619,0.026262856948445382,-0.0746009715475364,-0.11951410658307207,0.0036109646810753822,False
elo | total>=48 | ATS dogs | edge>=3pt,133,0.47368421052631576,-0.09569377990430619,0.25083429884833974,-0.07836990595611282,-0.12845849802371537,0.01702688455455983,False
elo | total>=48 | ATS any | edge>=1pt,475,0.47368421052631576,-0.09569377990430619,0.029330598066185133,-0.051420454545454505,-0.18709677419354834,0.0038745387453874543,False
linear_qb | wk1-6 | ATS home | edge>=0pt,378,0.47354497354497355,-0.09595959595959593,0.05136195313523622,-0.09318181818181814,-0.09908069458631251,0.0058513442277279915,False
linear | total>=48 | ML favs | edge>=0.10,150,0.6333333333333333,-0.09597389088194017,0.09741656350027114,-0.09698239405124703,-0.09210254000621373,0.009146020031628888,False
lean | line>7 | ATS away | edge>=1pt,281,0.47330960854092524,-0.09640892914914263,0.09167000780754395,-0.09969008264462807,-0.09090909090909086,0.008882445967316816,False
elo | line>7 | ATS away | edge>=0pt,355,0.4732394366197183,-0.09654289372599228,0.0575025548668973,-0.0724699828473413,-0.13223140495867763,0.006352134949920928,False
lean | wk14+ | ATS away | edge>=1pt,260,0.47307692307692306,-0.0968531468531468,0.10320081282746871,-0.1442006269592476,-0.03715415019762841,0.00940959409594096,False
elo | total>=48 | ATS dogs | edge>=1pt,334,0.47305389221556887,-0.09689711486118667,0.06446518584723909,-0.04973501834488378,-0.1916461916461916,0.007063784923563521,False
neural_qbfeat | line<=3 | ML favs | edge>=0.10,182,0.5439560439560439,-0.09812592335008945,0.11264504967700334,-0.09324814408380903,-0.10593037017613809,0.010015814443858725,False
linear_qb | wk1-6 | ML favs | edge>=0.05,399,0.6265664160401002,-0.09994329083740258,0.005133922242062105,-0.12316946500627947,-0.06800730135519688,0.001107011070110701,False
lean_qb | line<=3 | ATS any | edge>=1pt,630,0.4714285714285714,-0.09999999999999995,0.008703863595568318,-0.02733026467203678,-0.1731325998841922,0.0018186610437532947,False
elo | line<=3 | ML favs | edge>=0.00,626,0.547923322683706,-0.10042620457813901,0.0022687198749733665,-0.15010289341077762,-0.04780813285409416,0.0006852925672113865,False
linear_qb | total<=44 | OU over | edge>=1.5pt,552,0.47101449275362317,-0.10079051383399205,0.013334509359629229,-0.09525691699604737,-0.10474308300395252,0.0025303110173958885,False
linear_qb | total>=48 | ML favs | edge>=0.05,328,0.6402439024390244,-0.10102805247215173,0.008397053973372,-0.10265811305678568,-0.09714615561596163,0.001739588824459673,False
linear | wk14+ | ATS any | edge>=0pt,735,0.4707482993197279,-0.10129870129870124,0.004091960771362754,-0.14540694907187052,-0.05356682977079573,0.0009488666315234581,False
ensemble | wk14+ | ATS away | edge>=0pt,355,0.4704225352112676,-0.10192061459667091,0.04492792540828388,-0.1143392689784442,-0.08695652173913039,0.005271481286241435,False
neural_qbfeat | total>=48 | ATS home | edge>=3pt,134,0.4701492537313433,-0.10244233378561733,0.21719832493326624,-0.08288770053475927,-0.16477272727272724,0.015340010542962574,False
lean_qb | wk7-13 | ML favs | edge>=0.10,115,0.6608695652173913,-0.10260742513753753,0.09753202940919165,-0.05155409354933969,-0.16897675620219474,0.009172377438060096,False
elo | total>=48 | ATS any | edge>=3pt,166,0.46987951807228917,-0.1029572836801752,0.1670060280274741,-0.03685503685503681,-0.2363636363636363,0.013205060622034793,False
lean_qb | line<=3 | OU any | edge>=3.0pt,315,0.46984126984126984,-0.10303030303030299,0.056256481983640395,-0.16477272727272724,-0.03929618768328442,0.0062467053241961,False
neural_qbfeat | line<=3 | ML favs | edge>=0.05,391,0.5447570332480819,-0.10323917227839384,0.013524043554454426,-0.1130752334000732,-0.09239835222492998,0.0025566684238270956,False
elo | line>7 | ATS away | edge>=1pt,296,0.46959459459459457,-0.10350122850122845,0.0630621365301983,-0.11128526645768023,-0.09239940387481366,0.006852925672113865,False
ensemble | line<=3 | OU over | edge>=3.0pt,211,0.46919431279620855,-0.10426540284360183,0.11426387911278994,-0.10586881472957417,-0.10330578512396692,0.010121244069583554,False
lean_qb | total>=48 | ATS dogs | edge>=1pt,305,0.46885245901639344,-0.1049180327868852,0.05577474014509257,-0.06417112299465237,-0.18721872187218716,0.006167633104902478,False
linear_qb | wk1-6 | ATS home | edge>=1pt,303,0.46864686468646866,-0.10531053105310527,0.055669123290188395,-0.07369553523399672,-0.14518317503392128,0.006141275698471271,False
linear_qb | wk1-6 | ATS home | edge>=3pt,158,0.46835443037974683,-0.10586881472957417,0.1657423325394617,-0.09569377990430618,-0.12121212121212115,0.013099630996309964,False
lean_qb | line<=3 | ATS away | edge>=3pt,94,0.46808510638297873,-0.10638297872340421,0.2842795153131186,0.14545454545454553,-0.2929292929292929,0.018397469688982603,False
elo | total>=48 | ATS any | edge>=0pt,688,0.4680232558139535,-0.10650105708245237,0.003497686386812884,-0.07014106583072098,-0.1818181818181818,0.0008170795993674223,False
lean | wk14+ | ML dogs | edge>=0.10,86,0.37209302325581395,-0.1066931828159169,0.40688922680461265,-0.2491919040894495,0.04259119185159345,0.02393252503953611,False
lean_qb | total>=48 | ATS any | edge>=3pt,139,0.4676258992805755,-0.1072596468279921,0.18809238624493163,-0.034965034965034926,-0.2443181818181818,0.014206642066420664,False
linear_qb | wk14+ | ATS home | edge>=3pt,184,0.4673913043478261,-0.1077075098814229,0.1278227766858563,-0.23636363636363636,0.01547388781431339,0.010859251449657353,False
neural_qbfeat | line<=3 | OU over | edge>=0.0pt,490,0.4673469387755102,-0.10779220779220774,0.012657448759324815,-0.0643564356435643,-0.13825757575757575,0.0023721665788086453,False
lean_qb | wk14+ | ATS any | edge>=1pt,518,0.4671814671814672,-0.10810810810810807,0.010133364822279082,-0.1341669482933423,-0.07995618838992329,0.002029520295202952,False
linear | line>7 | ATS away | edge>=3pt,167,0.46706586826347307,-0.1083287969515514,0.14471314040694475,-0.1257434154630416,-0.07727272727272723,0.011834475487612019,False
neural_qbfeat | wk7-13 | OU over | edge>=3.0pt,195,0.4666666666666667,-0.10909090909090904,0.11225838690164251,-0.16996047430830036,-0.0547219770520741,0.009936742224565103,False
neural_qbfeat | line<=3 | OU over | edge>=1.5pt,345,0.4666666666666667,-0.10909090909090906,0.034348633231780196,-0.07394843962008135,-0.13140887548470484,0.004454401686874012,False
lean | all games | OU over | edge>=3.0pt,517,0.4661508704061896,-0.110075611042729,0.008908205359544022,-0.12434259954921109,-0.09752066115702476,0.0018713758566157091,False
linear | line<=3 | OU over | edge>=3.0pt,221,0.4660633484162896,-0.11024269847799256,0.08738875246353571,-0.1846590909090909,-0.05309090909090906,0.008645229309435952,False
linear_qb | line>7 | ATS away | edge>=0pt,318,0.46540880503144655,-0.111492281303602,0.03790710670734897,-0.06473829201101922,-0.1886363636363636,0.00484976278334212,False
lean_qb | wk14+ | ATS dogs | edge>=1pt,355,0.4647887323943662,-0.11267605633802813,0.026611717412484883,-0.1671122994652406,-0.03913305237808545,0.0036636794939377965,False
elo | wk1-6 | ATS home | edge>=0pt,426,0.4647887323943662,-0.11267605633802813,0.01511373633946886,-0.08296943231441042,-0.14720812182741114,0.00279388508170796,False
lean | line<=3 | OU any | edge>=3.0pt,312,0.46474358974358976,-0.11276223776223773,0.037567860426193436,-0.197452229299363,-0.026979472140762423,0.004823405376910912,False
linear_qb | line>7 | ATS away | edge>=1pt,254,0.4645669291338583,-0.11309949892627054,0.059985379976182036,-0.06260206859009249,-0.21003134796238238,0.006615709014233,False
lean | wk14+ | ML dogs | edge>=0.00,99,0.37373737373737376,-0.11370734909948108,0.3365325753476528,-0.23833918654784056,0.024183194460406062,0.02050606220347918,False
ensemble | wk14+ | ML favs | edge>=0.10,107,0.6635514018691588,-0.11415523268414852,0.0725490860644964,-0.14022847528140603,-0.0821068719916862,0.007722720084343701,False
ensemble | total>=48 | ATS home | edge>=3pt,69,0.463768115942029,-0.11462450592885373,0.3243085770318099,0.021141649048625834,-0.3391608391608391,0.020110701107011072,False
linear_qb | wk14+ | ATS any | edge>=3pt,317,0.4637223974763407,-0.11471178663607683,0.032964938806768394,-0.18488253319713993,-0.024852844996729847,0.004401686874011597,False
linear_qb | line>7 | ATS away | edge>=3pt,151,0.46357615894039733,-0.11499096929560498,0.1411463718109473,-0.09179170344218883,-0.16477272727272724,0.011702688455455983,False
lean_qb | wk7-13 | OU over | edge>=3.0pt,177,0.4632768361581921,-0.11556240369799688,0.10908877983357469,-0.13986013986013981,-0.08985200845665955,0.00969952556668424,False
neural_qbfeat | wk7-13 | OU over | edge>=0.0pt,462,0.46320346320346323,-0.11570247933884294,0.009359336078458848,-0.1148760330578512,-0.11645379413974452,0.0018977332630469163,False
elo | wk7-13 | ML dogs | edge>=0.10,114,0.3684210526315789,-0.116067681668028,0.2927362922877395,-0.046327653442091714,-0.21196022047869043,0.01871375856615709,False
lean_qb | total>=48 | ATS home | edge>=0pt,322,0.46273291925465837,-0.11660079051383396,0.028904045938200174,-0.07196969696969692,-0.20754716981132068,0.00382182393252504,False
elo | wk14+ | ATS away | edge>=1pt,268,0.4626865671641791,-0.11668928086838531,0.04617719297571685,-0.1395646606914212,-0.09090909090909087,0.005482340537691092,False
lean | total>=48 | ATS home | edge>=0pt,316,0.4620253164556962,-0.11795166858457994,0.028570443199049667,-0.07352941176470584,-0.19886363636363633,0.0037954665260938325,False
elo | wk1-6 | OU over | edge>=0.0pt,464,0.46120689655172414,-0.11951410658307207,0.007140366311284314,-0.10598669623059863,-0.1302211302211302,0.0014760147601476014,False
lean_qb | line<=3 | ATS home | edge>=1pt,367,0.4604904632152589,-0.12088184295268758,0.015565024814142854,-0.055944055944055895,-0.18476658476658475,0.002872957301001582,False
lean | wk1-6 | ATS home | edge>=0pt,430,0.4604651162790698,-0.12093023255813946,0.008787865488067727,-0.07596513075965125,-0.1676001723395088,0.001845018450184502,False
linear_qb | wk7-13 | OU any | edge>=1.5pt,632,0.46044303797468356,-0.1209723820483314,0.0014755201171238069,-0.09595959595959591,-0.1581961345740873,0.0005271481286241434,False
linear | wk7-13 | OU any | edge>=1.5pt,611,0.45990180032733224,-0.12200565392054752,0.0016170427023645695,-0.10511363636363633,-0.1449631449631449,0.0006325777543489721,False
lean | wk14+ | OU any | edge>=3.0pt,270,0.45925925925925926,-0.12323232323232318,0.034542904154465606,-0.08080808080808076,-0.1656565656565656,0.004533473906167633,False
lean_qb | total>=48 | ATS any | edge>=1pt,451,0.458980044345898,-0.12376536988510377,0.00602001844444296,-0.06736214605067059,-0.2415940224159402,0.0013178703215603587,False
lean_qb | wk7-13 | ML any | edge>=0.10,209,0.5263157894736842,-0.12413706813640911,0.04879129851211512,-0.08816179893318096,-0.17458514678921175,0.005719557195571956,False
linear_qb | wk14+ | ATS away | edge>=3pt,133,0.45864661654135336,-0.12440191387559804,0.13536248328762515,-0.13223140495867766,-0.10909090909090906,0.011439114391143913,False
linear_qb | wk14+ | ATS away | edge>=1pt,253,0.45849802371541504,-0.1246855910887531,0.0384664347451525,-0.14462809917355368,-0.09366391184573,0.004902477596204533,False
linear | wk7-13 | OU over | edge>=3.0pt,190,0.45789473684210524,-0.12583732057416264,0.0705220407826447,-0.12727272727272723,-0.12406417112299463,0.007511860832894044,False
neural_qbfeat | total>=48 | ATS home | edge>=1pt,271,0.4575645756457565,-0.1264676283126467,0.029754913605131397,-0.1286713286713286,-0.12081339712918653,0.003953610964681075,False
linear | wk7-13 | OU over | edge>=0.0pt,446,0.45739910313901344,-0.12678353037097428,0.005139782607315551,-0.11757575757575754,-0.1361579596873714,0.0011333684765419082,False
neural_qbfeat | wk7-13 | OU over | edge>=1.5pt,315,0.45714285714285713,-0.12727272727272723,0.018323857161307237,-0.14864864864864863,-0.10832879695155141,0.0030311017395888247,False
ensemble | wk7-13 | OU over | edge>=1.5pt,337,0.456973293768546,-0.12759643916913943,0.014421088710387234,-0.1300345224395857,-0.1254443880142204,0.002662098049551924,False
lean | wk7-13 | OU over | edge>=1.5pt,313,0.45686900958466453,-0.1277955271565495,0.018218074932367063,-0.12897727272727272,-0.12655971479500888,0.0030047443331576175,False
elo | total>=48 | ATS home | edge>=1pt,272,0.45588235294117646,-0.1296791443850267,0.025561658798473042,-0.08787878787878785,-0.21146245059288532,0.003584607274644175,False
linear_qb | wk7-13 | OU over | edge>=0.0pt,450,0.45555555555555555,-0.13030303030303028,0.0038654182110147237,-0.14252696456086283,-0.11682242990654204,0.000922509225092251,False
elo | wk14+ | ATS away | edge>=3pt,123,0.45528455284552843,-0.130820399113082,0.13113457493008548,-0.09090909090909087,-0.17272727272727267,0.011070110701107012,False
linear | total>=48 | ATS home | edge>=0pt,321,0.45482866043613707,-0.13169073916737462,0.01372511622547206,-0.10160427807486626,-0.1841491841491841,0.0025830258302583027,False
elo | wk14+ | ML dogs | edge>=0.10,101,0.3564356435643564,-0.13191908841577832,0.269454337131269,-0.1852667832553828,-0.07750443967938178,0.017817606747496047,False
elo | line<=3 | OU over | edge>=3.0pt,286,0.45454545454545453,-0.13223140495867766,0.01954030189572498,-0.14545454545454542,-0.12456052235057757,0.0031892461781760674,False
ensemble | total>=48 | ATS home | edge>=1pt,242,0.45454545454545453,-0.13223140495867766,0.03180013195343026,-0.09145673603504925,-0.22129186602870807,0.00419082762256194,False
lean_qb | wk7-13 | ATS home | edge>=3pt,130,0.45384615384615384,-0.13356643356643352,0.1129186095270771,-0.18545454545454543,-0.06280991735537186,0.010042171850289931,False
linear_qb | line<=3 | OU over | edge>=0.0pt,491,0.45213849287169044,-0.136826513608591,0.0015260051661784668,-0.08080808080808077,-0.1808264462809917,0.0005798629414865578,False
lean_qb | line<=3 | OU over | edge>=0.0pt,489,0.45194274028629855,-0.13720022308979363,0.0015145540164732416,-0.08964646464646461,-0.1748251748251748,0.0005535055350553505,False
neural_qbfeat | total>=48 | ATS home | edge>=0pt,350,0.4514285714285714,-0.13818181818181813,0.00691134978217314,-0.12305986696230595,-0.1739510489510489,0.00139694254085398,False
ensemble | wk7-13 | OU over | edge>=3.0pt,193,0.45077720207253885,-0.13942534149788033,0.04334659595360796,-0.11888111888111882,-0.15775401069518713,0.00521876647337902,False
ensemble | line<=3 | OU over | edge>=0.0pt,505,0.4495049504950495,-0.14185418541854183,0.0008582912367107613,-0.09617918313570481,-0.17358145210494202,0.00034264628360569324,False
linear_qb | line<=3 | OU over | edge>=1.5pt,356,0.449438202247191,-0.14198161389172623,0.00511907464452774,-0.08747855917667234,-0.18597138901707425,0.001080653663679494,False
ensemble | line<=3 | ML favs | edge>=0.10,78,0.5128205128205128,-0.1420668202992866,0.14144871565749886,-0.11495370428899707,-0.18317380263746758,0.01172904586188719,False
linear | line<=3 | OU over | edge>=1.5pt,345,0.4492753623188406,-0.14229249011857703,0.005749651525585234,-0.07748627211714457,-0.19155844155844148,0.00121244069583553,False
linear | wk14+ | ATS away | edge>=0pt,323,0.44891640866873067,-0.14297776526878692,0.0072585088178969935,-0.15715667311411988,-0.12323232323232318,0.001528729573010016,False
lean_qb | line<=3 | OU over | edge>=1.5pt,312,0.44871794871794873,-0.14335664335664333,0.008158523762892724,-0.08819538670284932,-0.18488253319713993,0.0017132314180284662,False
linear_qb | total>=48 | ATS any | edge>=3pt,259,0.44787644787644787,-0.1449631449631449,0.014841712155474245,-0.12756598240469205,-0.1892901618929016,0.002767527675276753,False
lean | line<=3 | OU over | edge>=1.5pt,315,0.44761904761904764,-0.14545454545454545,0.006991330254032829,-0.0949494949494949,-0.1833333333333333,0.0014232999472851872,False
ensemble | total>=48 | ATS home | edge>=0pt,351,0.4472934472934473,-0.14607614607614602,0.004234538322007795,-0.11764705882352937,-0.20595333869670146,0.0010015814443858724,False
linear | line<=3 | OU over | edge>=0.0pt,492,0.44715447154471544,-0.14634146341463408,0.0006875640913589566,-0.08468244084682439,-0.19580419580419575,0.00023721665788086453,False
elo | line<=3 | OU over | edge>=0.0pt,510,0.4470588235294118,-0.146524064171123,0.0005390817992237758,-0.10160427807486627,-0.1764705882352941,0.00013178703215603585,False
lean_qb | wk7-13 | OU over | edge>=1.5pt,302,0.4470198675496689,-0.14659843467790484,0.007776963395341775,-0.14881297046902137,-0.1442006269592476,0.0015814443858724301,False
lean | line<=3 | OU over | edge>=0.0pt,506,0.44664031620553357,-0.14732303269852676,0.0005286755357087418,-0.1136363636363636,-0.17408123791102512,0.00010542962572482869,False
linear | total>=48 | ATS home | edge>=1pt,233,0.44635193133047213,-0.14787358564182593,0.01844585839166464,-0.11233352634626516,-0.22129186602870807,0.003057459146020032,False
lean_qb | wk7-13 | ML dogs | edge>=0.10,94,0.3617021276595745,-0.15047652499673073,0.203983065165138,-0.1299074278796667,-0.18216405298788335,0.01481286241433843,False
elo | total>=48 | ML any | edge>=0.10,155,0.5225806451612903,-0.1515143529427645,0.03479099730739785,-0.07179981732937586,-0.3094104523308227,0.00455983131259884,False
linear_qb | total>=48 | ATS home | edge>=0pt,311,0.4437299035369775,-0.15287927506577018,0.004840248226729034,-0.11227272727272723,-0.226044226044226,0.0010279388508170797,False
ensemble | line<=3 | OU over | edge>=1.5pt,345,0.4434782608695652,-0.15335968379446635,0.0029053494798120306,-0.1515151515151515,-0.1545454545454545,0.0007380073800738007,False
lean_qb | wk14+ | ATS away | edge>=1pt,255,0.44313725490196076,-0.15401069518716576,0.0102036277269977,-0.13875598086124397,-0.17064083457526077,0.0020822351080653665,False
lean_qb | wk14+ | OU under | edge>=3.0pt,73,0.4383561643835616,-0.16313823163138227,0.14827280959663677,0.01547388781431339,-0.48601398601398593,0.012098049551924091,False
elo | wk1-6 | OU over | edge>=1.5pt,336,0.4375,-0.16477272727272724,0.001586592357414826,-0.1954545454545454,-0.14285714285714285,0.000606220347917765,False
linear_qb | wk7-13 | OU over | edge>=1.5pt,323,0.43653250773993807,-0.16661975795102724,0.0017401559742625458,-0.14909090909090905,-0.1873464373464373,0.0006589351607801794,False
elo | total>=48 | ATS home | edge>=0pt,375,0.43466666666666665,-0.17018181818181816,0.0005652445837235077,-0.14052879391524808,-0.23020527859237533,0.00021085925144965738,False
linear | total>=48 | ATS home | edge>=3pt,113,0.4336283185840708,-0.1721641190667739,0.05666208332611491,-0.17105263157894732,-0.17444717444717442,0.006273062730627306,False
linear_qb | total>=48 | ATS home | edge>=1pt,233,0.4334763948497854,-0.17245415528677327,0.005943288707400454,-0.1378299120234604,-0.2412587412587412,0.0012915129151291514,False
elo | total>=48 | ATS home | edge>=3pt,97,0.4329896907216495,-0.17338331771321452,0.07565633762529991,-0.12369597615499253,-0.2575757575757575,0.007986294148655771,False
linear | wk7-13 | OU over | edge>=1.5pt,301,0.4318936877076412,-0.17547568710359404,0.0014515265615603157,-0.16783216783216778,-0.18369905956112845,0.0004480759093305219,False
elo | line<=3 | OU over | edge>=1.5pt,396,0.4318181818181818,-0.17561983471074377,0.0002546800181536946,-0.17105263157894732,-0.17846497764530547,7.907221929362152e-05,False
lean | line<=3 | OU over | edge>=3.0pt,183,0.43169398907103823,-0.17585692995529056,0.01298306414982734,-0.3181818181818181,-0.08769106999195489,0.00242488139167106,False
lean_qb | line<=3 | OU over | edge>=3.0pt,177,0.423728813559322,-0.19106317411402154,0.007903479188610668,-0.2806324110671936,-0.13383838383838378,0.0016605166051660517,False
lean_qb | line<=3 | ML favs | edge>=0.10,61,0.4918032786885246,-0.19430376396089505,0.07192253816897436,-0.11033194500679112,-0.2655525800431651,0.00764364786505008,False
lean_qb | total>=48 | ATS home | edge>=1pt,204,0.4215686274509804,-0.19518716577540104,0.0035516985775058425,-0.1296791443850267,-0.32620320855614965,0.0008434370057986295,False
lean | wk7-13 | OU over | edge>=3.0pt,172,0.4186046511627907,-0.20084566596194495,0.0058925353341184915,-0.18488253319713993,-0.21796276013143479,0.0012651555086979442,False
lean | wk14+ | OU under | edge>=3.0pt,70,0.4142857142857143,-0.20909090909090905,0.06905178251971625,-0.045454545454545414,-0.5227272727272726,0.0073537163943068005,False
elo | total>=48 | ML dogs | edge>=0.00,91,0.34065934065934067,-0.2162465706861233,0.06582121919536259,-0.21679262156587156,-0.21560951132641698,0.007142857142857143,False
elo | total>=48 | ML dogs | edge>=0.05,88,0.32954545454545453,-0.23631920359154235,0.04823852255927593,-0.20047580118182717,-0.2793312864832006,0.005666842382709542,False
linear_qb | total>=48 | ATS home | edge>=3pt,113,0.39823008849557523,-0.23974255832662908,0.007680946119278029,-0.22669735327963167,-0.27005347593582885,0.0015550869794412232,False
elo | total>=48 | ML dogs | edge>=0.10,74,0.2702702702702703,-0.3557445831660805,0.005813968670201518,-0.3160773754154686,-0.4024118864020944,0.001238798102266737,False
